id,norma,norma_completa,categoria,concepte,article,naturalesa,quantia,descompte,punts,proposta_retirada,pagina,font,estat,verificacio
sct-05-0-3,TRLSV,"Text refós de la Llei de trànsit, circulació de vehicles de motor i seguretat viària",General,"Comportar-se de manera que s’origina perill, perjudicis o molèsties innecessàries al medi ambient",10.1,L,100,50,0,,5,"Catàleg d’infraccions SCT, 20 de maig de 2026",assignació normativa revisada per pàgina i taula,estructural
sct-05-0-4,TRLSV,"Text refós de la Llei de trànsit, circulació de vehicles de motor i seguretat viària",General,Conduir un vehicle que porta mecanismes de detecció de radar o cinemòmetres,13.6,G,200,100,0,,5,"Catàleg d’infraccions SCT, 20 de maig de 2026",assignació normativa revisada per pàgina i taula,estructural
sct-05-0-6,TRLSV,"Text refós de la Llei de trànsit, circulació de vehicles de motor i seguretat viària",NORMES SOBRE DROGUES,Conduir un vehicle amb presència de drogues a l’organisme,14.1,MG,1000,500,0,,5,"Catàleg d’infraccions SCT, 20 de maig de 2026",assignació normativa revisada per pàgina i taula,estructural
sct-05-0-7,TRLSV,"Text refós de la Llei de trànsit, circulació de vehicles de motor i seguretat viària",NORMES SOBRE DROGUES,"Conduir una bicicleta/vehicle de mobilitat personal amb presència de drogues a l’organisme Atenció: en aquests casos, no comportarà la pèrdua de punts",14.1,MG,1000,500,0,,5,"Catàleg d’infraccions SCT, 20 de maig de 2026",assignació normativa revisada per pàgina i taula,estructural
sct-05-0-9,TRLSV,"Text refós de la Llei de trànsit, circulació de vehicles de motor i seguretat viària",NORMES SOBRE L’ALCOHOLÈMIA DELS MENORS,"Conduir un vehicle amb una taxa d'alcohol a la sang superior a 0 grams per litre, o d'alcohol en aire espirat superior a 0 mil·ligrams per litre Atenció: S’hi inclouen els conductors de bicicletes i vehicles de mobilitat personal que no tindran pèrdua de punts",14.1,MG,Veure barem,—,0,,5,"Catàleg d’infraccions SCT, 20 de maig de 2026",assignació normativa revisada per pàgina i taula,estructural
sct-05-0-10,TRLSV,"Text refós de la Llei de trànsit, circulació de vehicles de motor i seguretat viària",NORMES SOBRE L’ALCOHOLÈMIA DELS MENORS,"Conduir el vehicle ressenyat amb una llicència o un permís de conducció amb una taxa d'alcohol a la sang superior a 0 grams per litre, o d'alcohol en aire espirat superior a 0 mil·ligrams per litre. - reincident art. 80.2.a) TRLSV",14.1,MG,Veure barem,—,0,,5,"Catàleg d’infraccions SCT, 20 de maig de 2026",assignació normativa revisada per pàgina i taula,estructural
sct-05-0-12,TRLSV,"Text refós de la Llei de trànsit, circulació de vehicles de motor i seguretat viària",NORMES SOBRE L’ALCOHOLÈMIA DELS MENORS,Incomplir l'obligació de tot conductor de sotmetre's a les proves per a la detecció de la presència de drogues a l'organisme,14.2,MG,1000,500,0,,5,"Catàleg d’infraccions SCT, 20 de maig de 2026",assignació normativa revisada per pàgina i taula,estructural
sct-05-0-13,TRLSV,"Text refós de la Llei de trànsit, circulació de vehicles de motor i seguretat viària",NORMES SOBRE L’ALCOHOLÈMIA DELS MENORS,"Incomplir l'obligació de tot conductor de bicicletes/vehicle de mobilitat personal de sotmetre's a les proves per a la detecció de la presència de drogues a l'organisme Atenció: en aquests casos, no comportarà la pèrdua de punts",14.2,MG,1000,500,0,,5,"Catàleg d’infraccions SCT, 20 de maig de 2026",assignació normativa revisada per pàgina i taula,estructural
sct-05-0-14,TRLSV,"Text refós de la Llei de trànsit, circulació de vehicles de motor i seguretat viària",NORMES SOBRE L’ALCOHOLÈMIA DELS MENORS,No sotmetre's l'usuari de la via que ha comés una infracció a la normativa viària o que està implicat en un accident de trànsit a les proves per a la detecció de la presencia de drogues a l'organisme,14.2,MG,1000,500,0,,5,"Catàleg d’infraccions SCT, 20 de maig de 2026",assignació normativa revisada per pàgina i taula,estructural
sct-05-0-15,TRLSV,"Text refós de la Llei de trànsit, circulació de vehicles de motor i seguretat viària",NORMES SOBRE L’ALCOHOLÈMIA DELS MENORS,"Incomplir l'obligació de sotmetre's a les proves per a la detecció de la presència de drogues a l'organisme, el conductor d'un vehicle implicat en un accident de trànsit",14.2,MG,1000,500,0,,5,"Catàleg d’infraccions SCT, 20 de maig de 2026",assignació normativa revisada per pàgina i taula,estructural
sct-05-0-16,TRLSV,"Text refós de la Llei de trànsit, circulació de vehicles de motor i seguretat viària",NORMES SOBRE L’ALCOHOLÈMIA DELS MENORS,"Incomplir l'obligació de sotmetre's a les proves per a la detecció de la presència de drogues a l'organisme, el conductor d'un vehicle denunciat per cometre alguna infracció a la normativa viària",14.2,MG,1000,500,0,,5,"Catàleg d’infraccions SCT, 20 de maig de 2026",assignació normativa revisada per pàgina i taula,estructural
sct-05-0-17,TRLSV,"Text refós de la Llei de trànsit, circulació de vehicles de motor i seguretat viària",NORMES SOBRE L’ALCOHOLÈMIA DELS MENORS,"Incomplir l'obligació de sotmetre's a les proves per a la detecció de la presència de drogues a l'organisme, el conductor d'un vehicle requerit en un control preventiu",14.2,MG,1000,500,0,,5,"Catàleg d’infraccions SCT, 20 de maig de 2026",assignació normativa revisada per pàgina i taula,estructural
sct-05-0-19,TRLSV,"Text refós de la Llei de trànsit, circulació de vehicles de motor i seguretat viària",NORMES SOBRE L’ALCOHOLÈMIA DELS MENORS,No sotmetre's l'usuari de la via que ha comés una infracció a la normativa viària a les proves de detecció alcohòlica,14.2,MG,1000,500,0,,5,"Catàleg d’infraccions SCT, 20 de maig de 2026",assignació normativa revisada per pàgina i taula,estructural
sct-05-0-20,TRLSV,"Text refós de la Llei de trànsit, circulació de vehicles de motor i seguretat viària",NORMES SOBRE L’ALCOHOLÈMIA DELS MENORS,"Incomplir l’obligació de pagar el peatge, taxa o preu públic exigible",75.B),L,100,50,0,,5,"Catàleg d’infraccions SCT, 20 de maig de 2026",assignació normativa revisada per pàgina i taula,estructural
sct-06-0-1,TRLSV,"Text refós de la Llei de trànsit, circulació de vehicles de motor i seguretat viària",NORMES DE COMPORTAMENT EN LA CIRCULACIÓ,"Utilitzar, mantenint-lo amb la mà, dispositius de telefonia mòbil mentre es condueix",76.G),G,200,100,6,,6,"Catàleg d’infraccions SCT, 20 de maig de 2026",assignació normativa revisada per pàgina i taula,estructural
sct-06-0-2,TRLSV,"Text refós de la Llei de trànsit, circulació de vehicles de motor i seguretat viària",NORMES DE COMPORTAMENT EN LA CIRCULACIÓ,"Utilitzar, mantenint-lo ajustat entre el casc i el cap, un dispositiu de telefonia mòbil mentre es condueix",76.G),G,200,100,3,,6,"Catàleg d’infraccions SCT, 20 de maig de 2026",assignació normativa revisada per pàgina i taula,estructural
sct-06-0-3,TRLSV,"Text refós de la Llei de trànsit, circulació de vehicles de motor i seguretat viària",NORMES DE COMPORTAMENT EN LA CIRCULACIÓ,"No respectar els senyals o les ordres de l’autoritat encarregada de la regulació, ordenació, gestió, vigilància i disciplina del trànsit",76.J),G,200,100,4,,6,"Catàleg d’infraccions SCT, 20 de maig de 2026",assignació normativa revisada per pàgina i taula,estructural
sct-06-0-4,TRLSV,"Text refós de la Llei de trànsit, circulació de vehicles de motor i seguretat viària",NORMES DE COMPORTAMENT EN LA CIRCULACIÓ,Incomplir l’obligació de tot conductor de verificar que les plaques matrícules del vehicle no presenten obstacles que impedeixen o dificultin la seva lectura e identificació,76.P),G,200,100,0,,6,"Catàleg d’infraccions SCT, 20 de maig de 2026",assignació normativa revisada per pàgina i taula,estructural
sct-06-0-5,TRLSV,"Text refós de la Llei de trànsit, circulació de vehicles de motor i seguretat viària",NORMES DE COMPORTAMENT EN LA CIRCULACIÓ,Circular per una via subjecta a restriccions de circulació derivades de l’aplicació de protocols d’episodis de contaminació o per raons de zones de baixes emissions,76.Z3),G,200,100,0,,6,"Catàleg d’infraccions SCT, 20 de maig de 2026",assignació normativa revisada per pàgina i taula,estructural
sct-06-0-6,TRLSV,"Text refós de la Llei de trànsit, circulació de vehicles de motor i seguretat viària",NORMES DE COMPORTAMENT EN LA CIRCULACIÓ,"Circular amb un vehicle la càrrega del qual ha caigut a la via, pel seu mal condicionament, creant un greu perill per a la resta dels usuaris",77.B),MG,500,250,0,,6,"Catàleg d’infraccions SCT, 20 de maig de 2026",assignació normativa revisada per pàgina i taula,estructural
sct-06-0-7,TRLSV,"Text refós de la Llei de trànsit, circulació de vehicles de motor i seguretat viària",NORMES DE COMPORTAMENT EN LA CIRCULACIÓ,Conduir un vehicle que tingui instal·lat inhibidors de radars o cinemòmetres o qualsevol altre mecanisme encaminat a INTERFERIR en el correcte funcionament dels sistemes de vigilància del trànsit. (especificar mecanisme que porta el vehicle) No constitueixen infracció els sistemes d’avís que informen de la posició dels sistemes de vigilància.,77.H),MG,6000,NO,6,,6,"Catàleg d’infraccions SCT, 20 de maig de 2026",assignació normativa revisada per pàgina i taula,estructural
sct-06-0-8,TRLSV,"Text refós de la Llei de trànsit, circulació de vehicles de motor i seguretat viària",NORMES DE COMPORTAMENT EN LA CIRCULACIÓ,Circular amb un vehicle incomplint les condicions de l'autorització administrativa que habilita la seva circulació,77.L),MG,500,250,0,,6,"Catàleg d’infraccions SCT, 20 de maig de 2026",assignació normativa revisada per pàgina i taula,estructural
sct-06-0-9,TRLSV,"Text refós de la Llei de trànsit, circulació de vehicles de motor i seguretat viària",NORMES DE COMPORTAMENT EN LA CIRCULACIÓ,Circular amb un vehicle que incompleix les condicions tècniques que afecten greument a la seguretat viària. Si es tracta de càrrega indivisible s’ha de denunciar per l’article 13.2 del RGC.,77.LL),MG,500,250,0,,6,"Catàleg d’infraccions SCT, 20 de maig de 2026",assignació normativa revisada per pàgina i taula,estructural
sct-06-0-10,TRLSV,"Text refós de la Llei de trànsit, circulació de vehicles de motor i seguretat viària",NORMES DE COMPORTAMENT EN LA CIRCULACIÓ,La participació o col·laboració necessària dels conductors en la col·locació o posada en funcionament d'elements que alteren el normal ús del tacògraf o del limitador de velocitat.,77.M),MG,500,250,6,,6,"Catàleg d’infraccions SCT, 20 de maig de 2026",assignació normativa revisada per pàgina i taula,estructural
sct-06-0-11,TRLSV,"Text refós de la Llei de trànsit, circulació de vehicles de motor i seguretat viària",NORMES DE COMPORTAMENT EN LA CIRCULACIÓ,Realitzar a la via obres sense l'autorització corresponent.,77.N),MG,12000,NO,0,,6,"Catàleg d’infraccions SCT, 20 de maig de 2026",assignació normativa revisada per pàgina i taula,estructural
sct-06-0-12,TRLSV,"Text refós de la Llei de trànsit, circulació de vehicles de motor i seguretat viària",NORMES DE COMPORTAMENT EN LA CIRCULACIÓ,"Instal·lar un inhibidor de radar o cinemòmetre, en el vehicle ressenyat, encaminat a eludir el correcte funcionament dels sistemes de vigilància del trànsit",77.P),MG,12000,NO,0,,6,"Catàleg d’infraccions SCT, 20 de maig de 2026",assignació normativa revisada per pàgina i taula,estructural
sct-06-0-13,TRLSV,"Text refós de la Llei de trànsit, circulació de vehicles de motor i seguretat viària",NORMES DE COMPORTAMENT EN LA CIRCULACIÓ,Incomplir les normes en matèria d’auxili a les vies públiques,77.V),MG,500,250,0,,6,"Catàleg d’infraccions SCT, 20 de maig de 2026",assignació normativa revisada per pàgina i taula,estructural
sct-06-0-14,TRLSV,"Text refós de la Llei de trànsit, circulació de vehicles de motor i seguretat viària",NORMES DE COMPORTAMENT EN LA CIRCULACIÓ,Incomplir les normes d’ús dels alcoholímetres antiengegada,77.W),MG,500,250,0,,6,"Catàleg d’infraccions SCT, 20 de maig de 2026",assignació normativa revisada per pàgina i taula,estructural
sct-07-0-3,RGC,Reglament general de circulació,NORMES GENERALS DE COMPORTAMENT EN LA CIRCULACIÓ,"Comportar-se de manera que s’entorpeix indegudament la circulació, s’origina perill, perjudicis o molèsties innecessàries a les persones o es causen danys als béns (indicar el comportament i/o els perjudicis o danys causats)",2,L,80,40,0,,7,"Catàleg d’infraccions SCT, 20 de maig de 2026",assignació normativa revisada per pàgina i taula,estructural
sct-07-0-4,RGC,Reglament general de circulació,NORMES GENERALS DE COMPORTAMENT EN LA CIRCULACIÓ,Conduir de forma negligent (indicar la conducta),3.1,G,200,100,0,,7,"Catàleg d’infraccions SCT, 20 de maig de 2026",assignació normativa revisada per pàgina i taula,estructural
sct-07-0-5,RGC,Reglament general de circulació,NORMES GENERALS DE COMPORTAMENT EN LA CIRCULACIÓ,"Conduir una bicicleta/vehicle de mobilitat personal de forma negligent Atenció: en aquests casos, no comportarà la pèrdua de punts",3.1,G,200,100,0,,7,"Catàleg d’infraccions SCT, 20 de maig de 2026",assignació normativa revisada per pàgina i taula,estructural
sct-07-0-6,RGC,Reglament general de circulació,NORMES GENERALS DE COMPORTAMENT EN LA CIRCULACIÓ,Conduir de forma temerària (indicar detalladament el tipus de conducció),3.1,MG,500,250,0,,7,"Catàleg d’infraccions SCT, 20 de maig de 2026",assignació normativa revisada per pàgina i taula,estructural
sct-07-0-7,RGC,Reglament general de circulació,NORMES GENERALS DE COMPORTAMENT EN LA CIRCULACIÓ,"Conduir una bicicleta/vehicle de mobilitat personal de forma temerària Atenció: en aquests casos, no comportarà la pèrdua de punts",3.1,MG,500,250,0,,7,"Catàleg d’infraccions SCT, 20 de maig de 2026",assignació normativa revisada per pàgina i taula,estructural
sct-07-0-9,RGC,Reglament general de circulació,NORMES GENERALS DE COMPORTAMENT EN LA CIRCULACIÓ,"Llençar a la via o en les seves proximitats objectes o matèries que entorpeixen o fan perillosa la circulació, la parada o l’estacionament (indicar objectes o matèries i efectes produïts)",4.2,G,200,100,0,,7,"Catàleg d’infraccions SCT, 20 de maig de 2026",assignació normativa revisada per pàgina i taula,estructural
sct-07-0-10,RGC,Reglament general de circulació,NORMES GENERALS DE COMPORTAMENT EN LA CIRCULACIÓ,"Dipositar o abandonar a la via objectes o matèries que poden deteriorar la via o les seves instal·lacions o produir efectes que modifiquin les condicions apropiades per circular, parar o estacionar (indicar objectes o matèries i efectes produïts)",4.2,L,80,40,0,,7,"Catàleg d’infraccions SCT, 20 de maig de 2026",assignació normativa revisada per pàgina i taula,estructural
sct-07-0-11,RGC,Reglament general de circulació,NORMES GENERALS DE COMPORTAMENT EN LA CIRCULACIÓ,"Instal·lar a la via aparells, instal·lacions o construccions que entorpeixen la circulació",4.3,L,80,40,0,,7,"Catàleg d’infraccions SCT, 20 de maig de 2026",assignació normativa revisada per pàgina i taula,estructural
sct-07-0-12,RGC,Reglament general de circulació,NORMES GENERALS DE COMPORTAMENT EN LA CIRCULACIÓ,"Realitzar a la via filmacions, enquestes o assajos que entorpeixen la circulació",4.3,L,80,40,0,,7,"Catàleg d’infraccions SCT, 20 de maig de 2026",assignació normativa revisada per pàgina i taula,estructural
sct-07-0-14,RGC,Reglament general de circulació,NORMES GENERALS DE COMPORTAMENT EN LA CIRCULACIÓ,Crear un obstacle o perill a la via i no adoptar les mesures necessàries per fer-lo desaparèixer com més aviat millor (indicar obstacle o perill existent),5.1,L,80,40,0,,7,"Catàleg d’infraccions SCT, 20 de maig de 2026",assignació normativa revisada per pàgina i taula,estructural
sct-07-0-15,RGC,Reglament general de circulació,NORMES GENERALS DE COMPORTAMENT EN LA CIRCULACIÓ,Crear un obstacle o perill a la via i no adoptar les mesures necessàries perquè pugui ser advertit per la resta d’usuaris o perquè no dificulti la circulació (indicar obstacle o perill existent),5.1,L,80,40,0,,7,"Catàleg d’infraccions SCT, 20 de maig de 2026",assignació normativa revisada per pàgina i taula,estructural
sct-07-0-16,RGC,Reglament general de circulació,NORMES GENERALS DE COMPORTAMENT EN LA CIRCULACIÓ,No senyalitzar de forma eficaç un obstacle o perill creat a la via per avisar que hi és (indicar l’obstacle o perill existent i forma de senyalització),5.3,L,80,40,0,,7,"Catàleg d’infraccions SCT, 20 de maig de 2026",assignació normativa revisada per pàgina i taula,estructural
sct-07-0-17,RGC,Reglament general de circulació,NORMES GENERALS DE COMPORTAMENT EN LA CIRCULACIÓ,"Parar o estacionar un vehicle destinat a tasques d’assistència en un lloc diferent del fixat per l’agent de l’autoritat (indicar tipus de vehicle d’assistència –mecànica, servei d’urgència o conservació de carreteres- i lloc de parada o estacionament)",5.4,G,200,100,0,,7,"Catàleg d’infraccions SCT, 20 de maig de 2026",assignació normativa revisada per pàgina i taula,estructural
sct-07-0-18,RGC,Reglament general de circulació,NORMES GENERALS DE COMPORTAMENT EN LA CIRCULACIÓ,"Llençar a la via o a les seves proximitats qualsevol objecte que pot posar en perill la seguretat viària (indicar objecte, lloc on va ser llençat i tipus de perill).",6,G,200,100,0,,7,"Catàleg d’infraccions SCT, 20 de maig de 2026",assignació normativa revisada per pàgina i taula,estructural
sct-07-0-19,RGC,Reglament general de circulació,NORMES GENERALS DE COMPORTAMENT EN LA CIRCULACIÓ,Llençar a la via o a les seves proximitats qualsevol objecte que pot produir incendis o accidents (indicar objecte i lloc on va ser llençat) Només es detrauran punts quan l’infractor sigui el conductor.,6,MG,500,250,0,,7,"Catàleg d’infraccions SCT, 20 de maig de 2026",assignació normativa revisada per pàgina i taula,estructural
sct-07-0-21,RGC,Reglament general de circulació,NORMES GENERALS DE COMPORTAMENT EN LA CIRCULACIÓ,Circular amb un vehicle amb uns nivells d’emissió de sorolls o de gasos o fums per damunt dels límits reglamentaris,7.1,G,200,100,0,,7,"Catàleg d’infraccions SCT, 20 de maig de 2026",assignació normativa revisada per pàgina i taula,estructural
sct-07-0-22,RGC,Reglament general de circulació,NORMES GENERALS DE COMPORTAMENT EN LA CIRCULACIÓ,"No col·laborar, el conductor del vehicle ressenyat, en les proves de detecció de possibles deficiències en l’emissió de pertorbacions electromagnètiques, sorolls, gasos o fums",7.1,L,80,40,0,,7,"Catàleg d’infraccions SCT, 20 de maig de 2026",assignació normativa revisada per pàgina i taula,estructural
sct-07-0-23,RGC,Reglament general de circulació,NORMES GENERALS DE COMPORTAMENT EN LA CIRCULACIÓ,"Circular sense el dispositiu silenciador d’explosions o amb el silenciador incomplet, inadequat o deteriorat; o expulsant els gasos del motor a través d’un tub ressonador",7.2,G,200,100,0,,7,"Catàleg d’infraccions SCT, 20 de maig de 2026",assignació normativa revisada per pàgina i taula,estructural
sct-07-0-24,RGC,Reglament general de circulació,NORMES GENERALS DE COMPORTAMENT EN LA CIRCULACIÓ,"Circular amb el vehicle ressenyat, de combustió interna, sense el dispositiu que evita la projecció descendent, a l’exterior, del combustible no cremat; o llençant fums que poden dificultar la visibilitat a altres conductors o ser nocius",7.2,G,200,100,0,,7,"Catàleg d’infraccions SCT, 20 de maig de 2026",assignació normativa revisada per pàgina i taula,estructural
sct-08-0-1,RGC,Reglament general de circulació,TRANSPORT DE PERSONES,"Transportar, en el vehicle ressenyat, un nombre de persones superior al de places autoritzades (indicar número de persones transportades i de places autoritzades) A efectes de còmput del nombre de persones transportades, cada persona computa una plaça, amb independència de la seva edat. En vehicles autoritzats per al transport escolar i de menors, s’estarà a allò establert en la normativa específica sobre la matèria.",9.1,L,80,40,0,,8,"Catàleg d’infraccions SCT, 20 de maig de 2026",assignació normativa revisada per pàgina i taula,estructural
sct-08-0-2,RGC,Reglament general de circulació,TRANSPORT DE PERSONES,"Transportar, en el vehicle ressenyat, un nombre de persones de manera que s’augmenta en un 50% el nombre de places autoritzades, exclòs el conductor (indicar número de persones i de places autoritzades)",9.1,G,200,100,0,,8,"Catàleg d’infraccions SCT, 20 de maig de 2026",assignació normativa revisada per pàgina i taula,estructural
sct-08-0-3,RGC,Reglament general de circulació,TRANSPORT DE PERSONES,"No tenir, un vehicle de servei públic o autobús, la placa interior que assenyala el nombre de places",9.1,L,80,40,0,,8,"Catàleg d’infraccions SCT, 20 de maig de 2026",assignació normativa revisada per pàgina i taula,estructural
sct-08-0-4,RGC,Reglament general de circulació,TRANSPORT DE PERSONES,Transportar persones i/o equipatges de manera que s’excedeix la MMA del vehicle (indicar la MMA autoritzada i el pes realment transportat),9.1,L,80,40,0,,8,"Catàleg d’infraccions SCT, 20 de maig de 2026",assignació normativa revisada per pàgina i taula,estructural
sct-08-0-6,RGC,Reglament general de circulació,TRANSPORT DE PERSONES,Transportar persones en un lloc diferent del que tenen destinat i condicionat en els vehicles,10.1,L,80,40,0,,8,"Catàleg d’infraccions SCT, 20 de maig de 2026",assignació normativa revisada per pàgina i taula,estructural
sct-08-0-7,RGC,Reglament general de circulació,TRANSPORT DE PERSONES,No portar instal·lada la protecció de la càrrega que estableix la legislació reguladora dels vehicles en un vehicle autoritzat per transportar simultàniament persones i càrrega,10.3,G,200,100,0,,8,"Catàleg d’infraccions SCT, 20 de maig de 2026",assignació normativa revisada per pàgina i taula,estructural
sct-08-0-8,RGC,Reglament general de circulació,TRANSPORT DE PERSONES,"Portar instal·lada una protecció de la càrrega, en un vehicle autoritzat per transportar simultàniament persones i càrrega, de manera que la càrrega destorba o pot danyar els ocupants del vehicle",10.3,L,80,40,0,,8,"Catàleg d’infraccions SCT, 20 de maig de 2026",assignació normativa revisada per pàgina i taula,estructural
sct-08-0-10,RGC,Reglament general de circulació,TRANSPORT DE PERSONES,"Conduir, el conductor d’un vehicle de transport col·lectiu de persones, incomplint la normativa. (indicar si es tracta de parades i arrencades amb sacsejades o moviments bruscos, no parar el més a prop del costat dret de la calçada o distreure’s durant la conducció)",11.1,L,80,40,0,,8,"Catàleg d’infraccions SCT, 20 de maig de 2026",assignació normativa revisada per pàgina i taula,estructural
sct-08-0-12,RGC,Reglament general de circulació,"NORMES RELATIVES A CICLES, CICLOMOTORS I MOTOCICLETES","Circular, més d'una persona, en un cicle fabricat per a una sola persona Això no obstant, quan el conductor sigui major d’edat pot transportar un menor de fins a 7 anys en un seient addicional homologat",12.1,L,80,40,0,,8,"Catàleg d’infraccions SCT, 20 de maig de 2026",assignació normativa revisada per pàgina i taula,estructural
sct-08-0-13,RGC,Reglament general de circulació,"NORMES RELATIVES A CICLES, CICLOMOTORS I MOTOCICLETES",Conduir un cicle transportant un passatger menor de 7 anys sense tenir l’edat requerida per fer-ho o sense tenir instal·lat un seient addicional homologat,12.1,L,80,40,0,,8,"Catàleg d’infraccions SCT, 20 de maig de 2026",assignació normativa revisada per pàgina i taula,estructural
sct-08-0-14,RGC,Reglament general de circulació,"NORMES RELATIVES A CICLES, CICLOMOTORS I MOTOCICLETES","Transportar en un ciclomotor o una motocicleta un passatger menor de 12 anys Excepcionalment els majors de 7 anys poden circular en motocicletes o ciclomotors conduïts pel pare, mare o tutor, o persones majors d’edat autoritzades per aquests, sempre que utilitzin casc homologat, vagin amb una cama a cada costat de la motocicleta o ciclomotor, amb els peus recolzats en els reposapeus laterals i que utilitzin el seient de darrere del conductor",12.2,G,200,100,0,,8,"Catàleg d’infraccions SCT, 20 de maig de 2026",assignació normativa revisada per pàgina i taula,estructural
sct-08-0-15,RGC,Reglament general de circulació,"NORMES RELATIVES A CICLES, CICLOMOTORS I MOTOCICLETES","Circular, el passatger d'un ciclomotor o d’una motocicleta, incomplint les condicions establertes reglamentàriament (indicar si l’incompliment consisteix en no dur una cama a cada costat del ciclomotor o de la motocicleta o no tenir els peus recolzats als reposapeus laterals o anar entremig del conductor i el manillar)",12.2,L,80,40,0,,8,"Catàleg d’infraccions SCT, 20 de maig de 2026",assignació normativa revisada per pàgina i taula,estructural
sct-08-0-16,RGC,Reglament general de circulació,"NORMES RELATIVES A CICLES, CICLOMOTORS I MOTOCICLETES","Arrossegar, el vehicle ressenyat, un remolc o un semiremolc incomplint les condicions establertes reglamentàriament (indicar incompliment) Les motocicletes, els vehicles de tres rodes, els ciclomotors i els cicles i bicicletes poden arrossegar un remolc o semiremolc sempre que no superin el 50% de la massa en buit del vehicle tractor i es compleixin les condicions següents: - la circulació ha de ser de dia i en condicions que no disminueixin la visibilitat - la velocitat queda reduïda en un 10% respecte de les velocitats genèriques establertes per aquests vehicles - en cap cas es poden transportar persones en el vehicle remolcat - en circulació urbana cal atendre les ordenances corresponents",12.4,L,80,40,0,,8,"Catàleg d’infraccions SCT, 20 de maig de 2026",assignació normativa revisada per pàgina i taula,estructural
sct-08-0-19,RGC,Reglament general de circulació,CÀRREGA DE VEHICLES I TRANSPORT DE MERCADERIES O COSES,"Circular amb el vehicle ressenyat, les dimensions del qual, inclosa la càrrega, excedeixen dels límits reglamentaris (detallar dimensions del vehicle o limitacions de la via)",13.1,G,200,100,0,,8,"Catàleg d’infraccions SCT, 20 de maig de 2026",assignació normativa revisada per pàgina i taula,estructural
sct-08-0-20,RGC,Reglament general de circulació,CÀRREGA DE VEHICLES I TRANSPORT DE MERCADERIES O COSES,"Circular sense autorització especial, amb el vehicle ressenyat que transporta càrrega indivisible, les dimensions del qual, inclosa la càrrega, excedeixen dels límits reglamentaris (detallar dimensions del vehicle i de la càrrega)",13.2,MG,500,250,0,,8,"Catàleg d’infraccions SCT, 20 de maig de 2026",assignació normativa revisada per pàgina i taula,estructural
sct-08-0-21,RGC,Reglament general de circulació,CÀRREGA DE VEHICLES I TRANSPORT DE MERCADERIES O COSES,Circular amb el vehicle ressenyat incomplint les condicions establertes en l'autorització especial (detallar la condició incomplerta),13.2,MG,500,250,0,,8,"Catàleg d’infraccions SCT, 20 de maig de 2026",assignació normativa revisada per pàgina i taula,estructural
sct-09-0-0,RGC,Reglament general de circulació,CÀRREGA DE VEHICLES I TRANSPORT DE MERCADERIES O COSES,"Circular amb un vehicle amb una càrrega que pot arrossegar-se, caure sobre la via o desplaçar-se de manera perillosa a causa del seu condicionament",14.1.a),G,200,100,0,,9,"Catàleg d’infraccions SCT, 20 de maig de 2026",assignació normativa revisada per pàgina i taula,estructural
sct-09-0-1,RGC,Reglament general de circulació,CÀRREGA DE VEHICLES I TRANSPORT DE MERCADERIES O COSES,Circular amb un vehicle amb una càrrega que pot comprometre l’estabilitat del vehicle a causa del seu condicionament,14.1.b),G,200,100,0,,9,"Catàleg d’infraccions SCT, 20 de maig de 2026",assignació normativa revisada per pàgina i taula,estructural
sct-09-0-2,RGC,Reglament general de circulació,CÀRREGA DE VEHICLES I TRANSPORT DE MERCADERIES O COSES,"Circular amb un vehicle amb una càrrega que produeix soroll, pols o altres molèsties que es poden evitar",14.1.c),G,200,100,0,,9,"Catàleg d’infraccions SCT, 20 de maig de 2026",assignació normativa revisada per pàgina i taula,estructural
sct-09-0-3,RGC,Reglament general de circulació,CÀRREGA DE VEHICLES I TRANSPORT DE MERCADERIES O COSES,"Circular amb un vehicle amb una càrrega que oculta els dispositius d’enllumenat o de senyalització lluminosa, les plaques o els distintius obligatoris o les advertències manuals del conductor",14.1.d),G,200,100,0,,9,"Catàleg d’infraccions SCT, 20 de maig de 2026",assignació normativa revisada per pàgina i taula,estructural
sct-09-0-4,RGC,Reglament general de circulació,CÀRREGA DE VEHICLES I TRANSPORT DE MERCADERIES O COSES,"Circular amb un vehicle sense portar cobertes, totalment i eficaçment, les matèries que produeixen pols o que poden caure",14.2,G,200,100,0,,9,"Catàleg d’infraccions SCT, 20 de maig de 2026",assignació normativa revisada per pàgina i taula,estructural
sct-09-0-6,RGC,Reglament general de circulació,CÀRREGA DE VEHICLES I TRANSPORT DE MERCADERIES O COSES,"Circular amb un vehicle destinat al transport de mercaderies, la càrrega indivisible del qual sobresurt dels límits reglamentaris En el cas de bigues, pals, tubs i altres càrregues de longitud indivisible: - en els vehicles de longitud superior a 5 metres, la càrrega pot sobresortir fins a 2 metres per davant i 3 metres per darrere; - en vehicles de longitud igual o inferior a 5 metres, la càrrega pot sobresortir fins a un terç de la longitud del vehicle tant per davant com per darrere. En el cas que la dimensió menor de la càrrega indivisible sigui superior a l’amplada del vehicle, la càrrega pot sobresortir fins a 0,40 metres per cada lateral, de manera que no se superin els 2,5 metres d’amplada total",15.2,L,80,40,0,,9,"Catàleg d’infraccions SCT, 20 de maig de 2026",assignació normativa revisada per pàgina i taula,estructural
sct-09-0-7,RGC,Reglament general de circulació,CÀRREGA DE VEHICLES I TRANSPORT DE MERCADERIES O COSES,"Circular amb un vehicle, no destinat al transport de mercaderies, la càrrega del qual sobresurt dels límits reglamentaris La càrrega pot sobresortir per darrere fins a un 10% de la longitud del vehicle i si fos indivisible fins a un 15%",15.3,L,80,40,0,,9,"Catàleg d’infraccions SCT, 20 de maig de 2026",assignació normativa revisada per pàgina i taula,estructural
sct-09-0-8,RGC,Reglament general de circulació,CÀRREGA DE VEHICLES I TRANSPORT DE MERCADERIES O COSES,"Circular amb un vehicle d’amplada inferior a 1 metre la càrrega del qual sobresurt dels límits reglamentaris La càrrega no pot sobresortir lateralment més de 0,50 metres a cada costat de l’eix longitudinal del vehicle, ni pot sortir per davant, ni més de 0,25 metres per darrere",15.4,L,80,40,0,,9,"Catàleg d’infraccions SCT, 20 de maig de 2026",assignació normativa revisada per pàgina i taula,estructural
sct-09-0-9,RGC,Reglament general de circulació,CÀRREGA DE VEHICLES I TRANSPORT DE MERCADERIES O COSES,No protegir la càrrega que sobresurt per evitar danys o perills als altres usuaris,15.5,L,80,40,0,,9,"Catàleg d’infraccions SCT, 20 de maig de 2026",assignació normativa revisada per pàgina i taula,estructural
sct-09-0-10,RGC,Reglament general de circulació,CÀRREGA DE VEHICLES I TRANSPORT DE MERCADERIES O COSES,"No senyalitzar reglamentàriament la càrrega que sobresurt (indicar el defecte en la senyalització o la manca de la mateixa) La càrrega que sobresurt per darrere s’ha de senyalitzar amb el senyal V-20, que s’ha de col·locar a l’extrem posterior de la càrrega de manera que quedi constantment perpendicular a l’eix del vehicle. Quan la càrrega sobresurti longitudinalment per tota l’amplada de la part posterior del vehicle, s’han de col·locar transversalment dos panells de senyalització, cadascun en un extrem de la càrrega o de l’amplada del material que sobresurti. Ambdós panells s’han de col·locar de manera que formin una geometria de V invertida. Quan el vehicle circula entre el vespre i l’alba o amb condicions meteorològiques ambientals que disminueixen sensiblement la visibilitat, la càrrega ha d’anar senyalitzada, a més, amb un llum vermell. Quan la càrrega sobresurt per davant, la senyalització ha de fer-se amb un llum blanc.",15.6,L,80,40,0,,9,"Catàleg d’infraccions SCT, 20 de maig de 2026",assignació normativa revisada per pàgina i taula,estructural
sct-09-0-11,RGC,Reglament general de circulació,CÀRREGA DE VEHICLES I TRANSPORT DE MERCADERIES O COSES,"No senyalitzar reglamentàriament, entre el vespre i l’alba, o amb condicions meteorològiques o ambientals que disminueixen sensiblement la visibilitat, la càrrega que sobresurt lateralment del gàlib del vehicle de manera que el seu extrem lateral es troba a més de 0,40 metres del costat exterior de l’enllumenat de posició davanter o posterior La càrrega ha d’estar senyalitzada, en cadascuna de les seves extremitats laterals, cap endavant, amb un llum blanc i un dispositiu reflectant de color blanc, i cap enrere, amb un llum vermell i un dispositiu reflectant de color vermell",15.7,L,80,40,0,,9,"Catàleg d’infraccions SCT, 20 de maig de 2026",assignació normativa revisada per pàgina i taula,estructural
sct-09-0-13,RGC,Reglament general de circulació,CÀRREGA DE VEHICLES I TRANSPORT DE MERCADERIES O COSES,"Realitzar dins la via operacions de càrrega i descàrrega: 1) sense respectar les disposicions sobre la parada i l'estacionament i les disposicions de les autoritats municipals sobre hores i llocs adequats (indicar incompliment) 2) ocasionant perill o pertorbacions greus al trànsit d’altres usuaris (indicar perill o pertorbació) 3) sense fer-ho, essent possible, pel costat del vehicle més proper al costat de la calçada 4) sense mitjans suficients per aconseguir la màxima celeritat 5) de manera que es produeixen sorolls o molèsties innecessaris o es diposita la mercaderia a la calçada, al voral o a la zona de vianants Les operacions de càrrega i descàrrega han de realitzar-se fora de la via. Excepcionalment, quan sigui inexcusable efectuar les operacions a la via, s’han de realitzar sense ocasionar perill o pertorbacions greus al trànsit d’altres usuaris",16,L,80,40,0,,9,"Catàleg d’infraccions SCT, 20 de maig de 2026",assignació normativa revisada per pàgina i taula,estructural
sct-10-0-1,RGC,Reglament general de circulació,CÀRREGA DE VEHICLES I TRANSPORT DE MERCADERIES O COSES,Conduir sense la precaució necessària davant la proximitat d'altres usuaris de la via,17.1,L,80,40,0,,10,"Catàleg d’infraccions SCT, 20 de maig de 2026",assignació normativa revisada per pàgina i taula,estructural
sct-10-0-2,RGC,Reglament general de circulació,CÀRREGA DE VEHICLES I TRANSPORT DE MERCADERIES O COSES,"Conduir sense especial precaució davant la proximitat de nens, persones de la tercera edat, invidents o amb disminució",17.1,L,80,40,0,,10,"Catàleg d’infraccions SCT, 20 de maig de 2026",assignació normativa revisada per pàgina i taula,estructural
sct-10-0-3,RGC,Reglament general de circulació,CÀRREGA DE VEHICLES I TRANSPORT DE MERCADERIES O COSES,"Menar cavalleria, ramats i vehicles de tracció animal corrent per la via a la vora d'altres de la mateixa espècie o de persones que van a peu, així com abandonar-ne la conducció, deixant-los marxar lliurement, o detenir-se en el camí",17.2,L,80,40,0,,10,"Catàleg d’infraccions SCT, 20 de maig de 2026",assignació normativa revisada per pàgina i taula,estructural
sct-10-0-5,RGC,Reglament general de circulació,CÀRREGA DE VEHICLES I TRANSPORT DE MERCADERIES O COSES,Conduir un vehicle sense mantenir la pròpia llibertat de moviments o el camp necessari de visió o l’atenció permanent a la conducció (indicar la causa),18.1,L,80,40,0,,10,"Catàleg d’infraccions SCT, 20 de maig de 2026",assignació normativa revisada per pàgina i taula,estructural
sct-10-0-6,RGC,Reglament general de circulació,CÀRREGA DE VEHICLES I TRANSPORT DE MERCADERIES O COSES,"Circular amb un vehicle utilitzant pantalles visuals incompatibles amb l’atenció permanent a la conducció (especificar tipus d’aparell) Es considera incompatible amb l’obligatòria atenció permanent a la conducció l’ús pel conductor, amb el vehicle en moviment, de dispositius tals com pantalles amb accés a Internet, monitors de televisió i reproductors de vídeo o DVD. S’exceptuen d’aquest supòsit l’ús de monitors que, tot i estar a la vista del conductor, la seva utilització sigui necessària per a la visió d’accés o baixada de vianants o per a la visió en vehicles amb càmera de maniobres posteriors, així com el dispositiu GPS",18.1,G,200,100,3,,10,"Catàleg d’infraccions SCT, 20 de maig de 2026",assignació normativa revisada per pàgina i taula,estructural
sct-10-0-7,RGC,Reglament general de circulació,CÀRREGA DE VEHICLES I TRANSPORT DE MERCADERIES O COSES,"Conduir un vehicle sense mantenir la posició adequada o sense fer-la mantenir als passatgers, o col·locant els objectes o els animals transportats de manera que interfereixen la conducció",18.1,L,80,40,0,,10,"Catàleg d’infraccions SCT, 20 de maig de 2026",assignació normativa revisada per pàgina i taula,estructural
sct-10-0-8,RGC,Reglament general de circulació,CÀRREGA DE VEHICLES I TRANSPORT DE MERCADERIES O COSES,Conduir utilitzant cascos o auriculars connectats a aparells receptors o reproductors de so S’exceptuen d’aquesta prohibició els corresponents supòsits d’ensenyament de la conducció i la realització de les proves d’aptitud en circuit obert per a l’obtenció del permís de conducció de motocicletes de dues rodes,18.2,G,200,100,3,,10,"Catàleg d’infraccions SCT, 20 de maig de 2026",assignació normativa revisada per pàgina i taula,estructural
sct-10-0-9,RGC,Reglament general de circulació,CÀRREGA DE VEHICLES I TRANSPORT DE MERCADERIES O COSES,"Conduir una bicicleta/ vehicle de mobilitat personal utilitzant cascos o auriculars connectats a aparells receptors o reproductors de so Atenció: en aquests casos, no comportarà la pèrdua de punts",18.2,G,200,100,0,,10,"Catàleg d’infraccions SCT, 20 de maig de 2026",assignació normativa revisada per pàgina i taula,estructural
sct-10-0-10,RGC,Reglament general de circulació,CÀRREGA DE VEHICLES I TRANSPORT DE MERCADERIES O COSES,"Conduir utilitzant dispositius de telefonia mòbil, navegadors o qualsevol altre sistema de comunicació que requereix intervenció manual del conductor Es permet la utilització d’aquests mitjans si la comunicació té lloc sense utilitzar les mans ni utilitzar cascos, auriculars o instruments similars",18.2,G,200,100,3,,10,"Catàleg d’infraccions SCT, 20 de maig de 2026",assignació normativa revisada per pàgina i taula,estructural
sct-10-0-11,RGC,Reglament general de circulació,CÀRREGA DE VEHICLES I TRANSPORT DE MERCADERIES O COSES,"Conduir una bicicleta/vehicle de mobilitat personal utilitzant dispositius de telefonia mòbil, navegadors o qualsevol altre sistema de comunicació que requereix intervenció manual del conductor Atenció: en aquests casos, no comportarà la pèrdua de punts",18.2,G,200,100,0,,10,"Catàleg d’infraccions SCT, 20 de maig de 2026",assignació normativa revisada per pàgina i taula,estructural
sct-10-0-13,RGC,Reglament general de circulació,CÀRREGA DE VEHICLES I TRANSPORT DE MERCADERIES O COSES,Circular amb un vehicle la superfície de cristall del qual no permet al seu conductor la visibilitat diàfana sobre tota la via per la col·locació de làmines o adhesius,19.1,G,200,100,0,,10,"Catàleg d’infraccions SCT, 20 de maig de 2026",assignació normativa revisada per pàgina i taula,estructural
sct-10-0-14,RGC,Reglament general de circulació,CÀRREGA DE VEHICLES I TRANSPORT DE MERCADERIES O COSES,Circular amb un vehicle proveït de làmines adhesives o cortinetes contra el sol en les finestres posteriors sense dur els dos miralls retrovisors exteriors reglamentaris Cal tenir en compte que la utilització de làmines adhesives en els vehicles és permesa en les condicions establertes en la reglamentació de vehicles,19.1,G,200,100,0,,10,"Catàleg d’infraccions SCT, 20 de maig de 2026",assignació normativa revisada per pàgina i taula,estructural
sct-10-0-15,RGC,Reglament general de circulació,CÀRREGA DE VEHICLES I TRANSPORT DE MERCADERIES O COSES,Col·locar en un vehicle vidres tintats o acolorits no homologats,19.2,G,200,100,0,,10,"Catàleg d’infraccions SCT, 20 de maig de 2026",assignació normativa revisada per pàgina i taula,estructural
sct-10-0-18,RGC,Reglament general de circulació,NORMES SOBRE BEGUDES ALCOHÒLIQUES,"Conduir un vehicle amb una taxa d'alcohol a la sang superior a 0,5 grams per litre, o d'alcohol en aire espirat superior a 0,25 mil·ligrams per litre Atenció: S’hi inclouen els conductors de bicicletes i vehicles de mobilitat personal que no tindran pèrdua de punts",20,MG,Veure barem,—,0,,10,"Catàleg d’infraccions SCT, 20 de maig de 2026",assignació normativa revisada per pàgina i taula,estructural
sct-10-0-19,RGC,Reglament general de circulació,NORMES SOBRE BEGUDES ALCOHÒLIQUES,"Conduir amb una taxa d’alcohol a la sang superior a 0,3 grams per litre, o d’alcohol en aire espirat superior a 0,15 mil·ligrams per litre, els següents vehicles - vehicles destinats al transport de mercaderies amb MMA superior a 3.500 kg - vehicles destinats al transport de viatgers de més de 9 places - vehicles de servei públic - vehicles destinats al transport escolar o de menors - vehicles destinats al transport de mercaderies perilloses - vehicles destinats al servei d’urgència - vehicles destinats a transports especials - amb una llicència o permís de conducció d’antiguitat inferior als dos anys",20,MG,Veure barem,—,0,,10,"Catàleg d’infraccions SCT, 20 de maig de 2026",assignació normativa revisada per pàgina i taula,estructural
sct-11-0-1,RGC,Reglament general de circulació,NORMES SOBRE BEGUDES ALCOHÒLIQUES,"Conduir el vehicle ressenyat amb una llicència o un permís de conducció amb una taxa d'alcohol a la sang superior a 0,5 grams per litre, o d'alcohol en aire espirat superior a 0,25 mil·ligrams per litre. - sobrepassant 1 gr/l o els 0,50 mg/l - reincident art. 80.2.a) TRLSV",20,MG,Veure barem,—,0,,11,"Catàleg d’infraccions SCT, 20 de maig de 2026",assignació normativa revisada per pàgina i taula,estructural
sct-11-0-2,RGC,Reglament general de circulació,NORMES SOBRE BEGUDES ALCOHÒLIQUES,"Conduir el vehicle ressenyat amb una llicència o un permís de conducció amb una taxa d'alcohol a la sang superior a 0,3 grams per litre, o d'alcohol en aire espirat superior a 0,15 mil·ligrams per litre. - sobrepassant els 0,60 gr/l o els 0,30 mg/l - reincident art.80.2.a) TRLSV",20,MG,Veure barem,—,0,,11,"Catàleg d’infraccions SCT, 20 de maig de 2026",assignació normativa revisada per pàgina i taula,estructural
sct-11-0-4,RGC,Reglament general de circulació,NORMES SOBRE BEGUDES ALCOHÒLIQUES,"No sotmetre’s, a les proves de detecció alcohòlica. - el conductor d’un vehicle o l’usuari de la via implicat en un accident de circulació - el conductor d’un vehicle amb símptomes d’estar sota la influència de begudes alcohòliques - el conductor d’un vehicle denunciat per cometre alguna infracció al Reglament general de circulació - el conductor d’un vehicle requerit a fer-ho per l’autoritat o els seus agents en un control preventiu Només es detrauran punts quan l’infractor sigui el conductor d’un vehicle que per a la seva conducció sigui obligatori obtenir prèviament el corresponent permís o llicència de conduir. Per tant, les sancions a bicicletes i vehicles de mobilitat personal no comportaran pèrdua de punts.",21,MG,1.000,500,6,,11,"Catàleg d’infraccions SCT, 20 de maig de 2026",assignació normativa revisada per pàgina i taula,estructural
sct-11-0-6,RGC,Reglament general de circulació,NORMES SOBRE BEGUDES ALCOHÒLIQUES,"No procedir, el personal sanitari, a l'obtenció de mostres per a la detecció d'alcohol",26.1,L,80,40,0,,11,"Catàleg d’infraccions SCT, 20 de maig de 2026",assignació normativa revisada per pàgina i taula,estructural
sct-11-0-7,RGC,Reglament general de circulació,NORMES SOBRE BEGUDES ALCOHÒLIQUES,"No remetre al laboratori corresponent, el personal sanitari, les mostres obtingudes per a la detecció d'alcohol",26.1,L,80,40,0,,11,"Catàleg d’infraccions SCT, 20 de maig de 2026",assignació normativa revisada per pàgina i taula,estructural
sct-11-0-8,RGC,Reglament general de circulació,NORMES SOBRE BEGUDES ALCOHÒLIQUES,"No donar compte a l'autoritat corresponent, el personal sanitari, del resultat de les proves efectuades",26.1,L,80,40,0,,11,"Catàleg d’infraccions SCT, 20 de maig de 2026",assignació normativa revisada per pàgina i taula,estructural
sct-11-0-9,RGC,Reglament general de circulació,NORMES SOBRE BEGUDES ALCOHÒLIQUES,"Comunicar, el personal sanitari, les dades relatives a l'obtenció de mostres de forma inadequada o incompleta",26.1,L,80,40,0,,11,"Catàleg d’infraccions SCT, 20 de maig de 2026",assignació normativa revisada per pàgina i taula,estructural
sct-11-0-12,RGC,Reglament general de circulació,LA CIRCULACIÓ DE VEHICLES,"Circular per l'esquerra, en sentit contrari a l’estipulat, en una via de doble sentit de la circulació",29.2,MG,500,250,6,,11,"Catàleg d’infraccions SCT, 20 de maig de 2026",assignació normativa revisada per pàgina i taula,estructural
sct-11-0-13,RGC,Reglament general de circulació,LA CIRCULACIÓ DE VEHICLES,Circular per una via de doble sentit de la circulació sense acostar-se tant com sigui possible al costat dret de la calçada per mantenir la separació lateral suficient que permeti creuar amb seguretat un altre vehicle,29.1,G,200,100,0,,11,"Catàleg d’infraccions SCT, 20 de maig de 2026",assignació normativa revisada per pàgina i taula,estructural
sct-11-0-14,RGC,Reglament general de circulació,LA CIRCULACIÓ DE VEHICLES,"Circular per una via de doble sentit de la circulació, en un revolt o un canvi de rasant de visibilitat reduïda, sense deixar completament lliure la meitat de la calçada que correspon al sentit contrari",29.1,G,200,100,0,,11,"Catàleg d’infraccions SCT, 20 de maig de 2026",assignació normativa revisada per pàgina i taula,estructural
sct-11-0-17,RGC,Reglament general de circulació,UTILITZACIÓ DELS CARRILS,"Circular pel voral sense causa o raó d'emergència S’exclouen d’aquesta prohibició els ciclomotors, els vehicles per persones amb mobilitat reduïda i els vehicles especials amb MMA inferior als 3.500 kg",30.1,G,200,100,0,,11,"Catàleg d’infraccions SCT, 20 de maig de 2026",assignació normativa revisada per pàgina i taula,estructural
sct-11-0-18,RGC,Reglament general de circulació,UTILITZACIÓ DELS CARRILS,"Circular pel carril de l'esquerra, en sentit contrari a l’estipulat, en una calçada amb doble sentit de circulació i dos carrils separats o no per marques viàries",30.1.a),MG,500,250,6,,11,"Catàleg d’infraccions SCT, 20 de maig de 2026",assignació normativa revisada per pàgina i taula,estructural
sct-11-0-19,RGC,Reglament general de circulació,UTILITZACIÓ DELS CARRILS,"Circular pel carril central, en una calçada amb doble sentit de circulació i tres carrils separats per marques longitudinals discontínues, sense que això es degui a un avançament ni a un canvi de direcció cap a l'esquerre",30.1.b),G,200,100,0,,11,"Catàleg d’infraccions SCT, 20 de maig de 2026",assignació normativa revisada per pàgina i taula,estructural
sct-11-0-20,RGC,Reglament general de circulació,UTILITZACIÓ DELS CARRILS,"Circular pel carril de l'esquerra, en sentit contrari a l’estipulat, en una calçada amb doble sentit de circulació i tres carrils separats per marques longitudinals discontínues",30.1.b),MG,500,250,6,,11,"Catàleg d’infraccions SCT, 20 de maig de 2026",assignació normativa revisada per pàgina i taula,estructural
sct-11-0-22,RGC,Reglament general de circulació,UTILITZACIÓ DELS CARRILS,"Circular fora de poblat pel voral sense causa o raó d’emergència S’exclouen d’aquesta prohibició els ciclomotors, els vehicles per persones amb mobilitat reduïda i els vehicles especials amb MMA inferior als 3.500 kg",31,G,200,100,0,,11,"Catàleg d’infraccions SCT, 20 de maig de 2026",assignació normativa revisada per pàgina i taula,estructural
sct-12-0-1,RGC,Reglament general de circulació,UTILITZACIÓ DELS CARRILS,"Circular fora de poblat per un carril diferent del que hi ha més a la dreta entorpint la circulació d'altres vehicles que el segueixen, en una calçada amb més d'un carril per al mateix sentit de la marxa",31,G,200,100,0,,12,"Catàleg d’infraccions SCT, 20 de maig de 2026",assignació normativa revisada per pàgina i taula,estructural
sct-12-0-3,RGC,Reglament general de circulació,UTILITZACIÓ DELS CARRILS,"Circular fora de poblat, amb un camió de MMA superior als 3.500 kg o amb un vehicle especial que no està obligat a circular pel voral o amb un conjunt de vehicles de més de 7 metres de longitud, en una calçada de tres o més carrils en el sentit de la marxa, per un carril diferent del situat més a la dreta, podent fer-ho per aquest carril o de manera que es dificulta la marxa d'un altre vehicle que el segueix",32,G,200,100,0,,12,"Catàleg d’infraccions SCT, 20 de maig de 2026",assignació normativa revisada per pàgina i taula,estructural
sct-12-0-5,RGC,Reglament general de circulació,UTILITZACIÓ DELS CARRILS,"Circular amb un vehicle, en poblat, per una calçada amb almenys dos carrils per al mateix sentit, delimitats amb marques longitudinals, desplaçant-se de carril sense motiu justificat (descriure com s'efectua aquest canvi de carril) S’exclouen d’aquest supòsit els ciclomotors i els vehicles per persones amb mobilitat reduïda",33,G,200,100,0,,12,"Catàleg d’infraccions SCT, 20 de maig de 2026",assignació normativa revisada per pàgina i taula,estructural
sct-12-0-7,RGC,Reglament general de circulació,UTILITZACIÓ DELS CARRILS,"Circular amb el vehicle ressenyat per un carril habilitat per a VAO sense que el vehicle estigui ocupat pel nombre de persones fixat pel tram de la xarxa viària pel qual circula (indicar el nombre de persones transportades i el nombre d’ocupants fixat per aquell tram) Si el vehicle ostenta el senyal V-15 (minusvàlid), pot circular pel carril per a VAO encara que només l’ocupi el conductor",35.2,G,200,100,0,,12,"Catàleg d’infraccions SCT, 20 de maig de 2026",assignació normativa revisada per pàgina i taula,estructural
sct-12-0-8,RGC,Reglament general de circulació,UTILITZACIÓ DELS CARRILS,"Circular per un carril habilitat per a VAO quan es té prohibit fer-ho La utilització del carril habilitat per a VAO queda limitada a motocicletes, turismes i vehicles mixtes adaptables. Està prohibida, per tant, per a la resta de vehicles i conjunts de vehicles, inclosos els turismes amb remolc, així com vianants, cicles, ciclomotors, vehicles de tracció animal i animals. Això no obstant, els autobusos amb MMA superior a 3.500 kg i autobusos articulats, amb independència del nombre d’ocupants, poden circular pels carrils per a VAO en les mateixes condicions de circulació establertes pels VAO, de forma simultània, si així s’indica en la relació de trams de carrils per a VAO. D’altra banda, els vehicles de policia, extinció d’incendis, protecció civil i salvament i assistència sanitària en servei d’urgència, així com els equips de manteniment de les instal·lacions i de la infraestructura de la via poden utilitzar els carrils reservats",35.2.a),G,200,100,0,,12,"Catàleg d’infraccions SCT, 20 de maig de 2026",assignació normativa revisada per pàgina i taula,estructural
sct-12-0-9,RGC,Reglament general de circulació,UTILITZACIÓ DELS CARRILS,Circular per un carril habilitat per a VAO en sentit contrari a l’establert,35.2.d),MG,500,250,6,,12,"Catàleg d’infraccions SCT, 20 de maig de 2026",assignació normativa revisada per pàgina i taula,estructural
sct-12-0-11,RGC,Reglament general de circulació,UTILITZACIÓ DELS CARRILS,"No circular pel voral transitable de la seva dreta o circular ocupant més calçada de la que és imprescindible quan el voral és intransitable el conductor d'un vehicle de tracció animal, un vehicle especial amb MMA no superior a 3.500 kg, cicle, ciclomotor, vehicle per a persones de mobilitat reduïda o vehicle en seguiment de ciclistes. En descensos perllongats amb corbes, quan raons de seguretat ho permetin, els conductors de bicicletes poden abandonar el voral i circular per la part dreta de la calçada que necessitin",36.1,G,200,100,0,,12,"Catàleg d’infraccions SCT, 20 de maig de 2026",assignació normativa revisada per pàgina i taula,estructural
sct-12-0-12,RGC,Reglament general de circulació,UTILITZACIÓ DELS CARRILS,"No circular pel voral transitable de la seva dreta o circular ocupant més calçada de la que és imprescindible quan el voral és intransitable el conductor d’un vehicle amb MMA no superior a 3.500 kg, que per raons d’emergència circula a una velocitat anormalment reduïda pertorbant greument la circulació",36.1,G,200,100,0,,12,"Catàleg d’infraccions SCT, 20 de maig de 2026",assignació normativa revisada per pàgina i taula,estructural
sct-12-0-13,RGC,Reglament general de circulació,UTILITZACIÓ DELS CARRILS,"Circular pel voral en posició paral·lela a un altre vehicle, tenint tots dos vehicles prohibida aquesta forma de circular Els vehicles de tracció animal, els vehicles especials amb MMA no superior a 3.500 kg, els cicles, els ciclomotors, els vehicles per a persones de mobilitat reduïda, els vehicles en seguiment de ciclistes, i els vehicles amb MMA no superior a 3.500 kg que circulen pel voral per raons d’emergència, tenen prohibida la circulació en posició paral·lela. Això no obstant, les bicicletes poden circular en columna de dos al més a prop possible del costat dret de la via, però s’han de col·locar en filera en trams sense visibilitat i quan formin aglomeracions de trànsit. Excepcionalment, quan el voral sigui transitable i suficient, els ciclomotors poden circular en columna de dos, sense envair la calçada en cap cas",36.2,G,200,100,0,,12,"Catàleg d’infraccions SCT, 20 de maig de 2026",assignació normativa revisada per pàgina i taula,estructural
sct-12-0-14,RGC,Reglament general de circulació,UTILITZACIÓ DELS CARRILS,"Circular pel voral, el conductor d’una bicicleta, en posició paral·lela a una altra bicicleta en un tram sense visibilitat o quan formen aglomeracions de trànsit",36.2,G,200,100,0,,12,"Catàleg d’infraccions SCT, 20 de maig de 2026",assignació normativa revisada per pàgina i taula,estructural
sct-12-0-15,RGC,Reglament general de circulació,UTILITZACIÓ DELS CARRILS,"Circular, el conductor d’una bicicleta, envaint la calçada d’una autovia A les autovies les bicicletes només poden circular pel voral, sense envair la calçada en cap cas. Veure nota article 38.1",36.2,G,200,100,0,,12,"Catàleg d’infraccions SCT, 20 de maig de 2026",assignació normativa revisada per pàgina i taula,estructural
sct-12-0-16,RGC,Reglament general de circulació,UTILITZACIÓ DELS CARRILS,"Circular, el conductor d’un ciclomotor, en posició paral·lela a un altre ciclomotor, envaint la calçada de la via, quan el voral és transitable i suficient",36.2,G,200,100,0,,12,"Catàleg d’infraccions SCT, 20 de maig de 2026",assignació normativa revisada per pàgina i taula,estructural
sct-13-0-0,RGC,Reglament general de circulació,UTILITZACIÓ DELS CARRILS,"Efectuar un avançament, amb un vehicle que té prohibit circular en posició paral·lela, d’una durada superior a 15 segons o de més de 200 metres de recorregut en circulació paral·lela S’exceptuen d’aquesta prohibició les bicicletes",36.3,G,200,100,0,,13,"Catàleg d’infraccions SCT, 20 de maig de 2026",assignació normativa revisada per pàgina i taula,estructural
sct-13-0-3,RGC,Reglament general de circulació,SUPÒSITS ESPECIALS DEL SENTIT DE CIRCULACIÓ,Circular per una via en sentit contrari a l'ordenat per l'Autoritat competent per raons de fluïdesa o seguretat del trànsit,37.1,MG,500,250,6,,13,"Catàleg d’infraccions SCT, 20 de maig de 2026",assignació normativa revisada per pàgina i taula,estructural
sct-13-0-4,RGC,Reglament general de circulació,SUPÒSITS ESPECIALS DEL SENTIT DE CIRCULACIÓ,Circular per una via subjecta a restriccions de circulació per raons de seguretat o fluïdesa del trànsit sense la corresponent autorització,37.5,MG,500,250,0,,13,"Catàleg d’infraccions SCT, 20 de maig de 2026",assignació normativa revisada per pàgina i taula,estructural
sct-13-0-6,RGC,Reglament general de circulació,SUPÒSITS ESPECIALS DEL SENTIT DE CIRCULACIÓ,"Circular per una autopista o una autovia amb un vehicle de tracció animal, bicicleta(*), ciclomotor o un vehicle per a persones de mobilitat reduïda. Això no obstant, els conductors de bicicletes majors de 14 anys poden circular pels vorals de les autovies, excepte que per raons justificades de seguretat viària es prohibeixi mitjançant la senyalització corresponent",38.1,G,200,100,0,,13,"Catàleg d’infraccions SCT, 20 de maig de 2026",assignació normativa revisada per pàgina i taula,estructural
sct-13-0-7,RGC,Reglament general de circulació,SUPÒSITS ESPECIALS DEL SENTIT DE CIRCULACIÓ,"Circular, el conductor d’una bicicleta menor de 14 anys, per una autovia",38.1,G,200,100,0,,13,"Catàleg d’infraccions SCT, 20 de maig de 2026",assignació normativa revisada per pàgina i taula,estructural
sct-13-0-8,RGC,Reglament general de circulació,SUPÒSITS ESPECIALS DEL SENTIT DE CIRCULACIÓ,"Circular, el conductor d’una bicicleta, per una autovia quan està prohibida la seva circulació mitjançant la corresponent senyalització",38.1,G,200,100,0,,13,"Catàleg d’infraccions SCT, 20 de maig de 2026",assignació normativa revisada per pàgina i taula,estructural
sct-13-0-9,RGC,Reglament general de circulació,SUPÒSITS ESPECIALS DEL SENTIT DE CIRCULACIÓ,No abandonar l'autopista o l’autovia quan per raons d'emergència s'hi circula a una velocitat anormalment reduïda,38.2,L,80,40,0,,13,"Catàleg d’infraccions SCT, 20 de maig de 2026",assignació normativa revisada per pàgina i taula,estructural
sct-13-0-10,RGC,Reglament general de circulació,SUPÒSITS ESPECIALS DEL SENTIT DE CIRCULACIÓ,"Circular per autopista o per autovia, un vehicle especial o un vehicle en règim de transport especial que excedeix les masses o les dimensions reglamentàriament establertes, sense autorització",38.3,MG,500,250,0,,13,"Catàleg d’infraccions SCT, 20 de maig de 2026",assignació normativa revisada per pàgina i taula,estructural
sct-13-0-11,RGC,Reglament general de circulació,SUPÒSITS ESPECIALS DEL SENTIT DE CIRCULACIÓ,"Circular per autopista o per autovia, un vehicle especial o un vehicle en règim de transport especial que no excedeix les masses o les dimensions establertes i que no pot arribar en terreny pla a una velocitat superior als 60 km/h",38.3,G,200,100,0,,13,"Catàleg d’infraccions SCT, 20 de maig de 2026",assignació normativa revisada per pàgina i taula,estructural
sct-13-0-12,RGC,Reglament general de circulació,SUPÒSITS ESPECIALS DEL SENTIT DE CIRCULACIÓ,Circular per una autopista amb un vehicle de mobilitat personal,38.4,G,200,100,0,,13,"Catàleg d’infraccions SCT, 20 de maig de 2026",assignació normativa revisada per pàgina i taula,estructural
sct-13-0-13,RGC,Reglament general de circulació,SUPÒSITS ESPECIALS DEL SENTIT DE CIRCULACIÓ,Circular per una autovia amb un vehicle de mobilitat personal,38.4,G,200,100,0,,13,"Catàleg d’infraccions SCT, 20 de maig de 2026",assignació normativa revisada per pàgina i taula,estructural
sct-13-0-14,RGC,Reglament general de circulació,SUPÒSITS ESPECIALS DEL SENTIT DE CIRCULACIÓ,Circular per una via interurbana / travessera amb un vehicle de mobilitat personal,38.4,G,200,100,0,,13,"Catàleg d’infraccions SCT, 20 de maig de 2026",assignació normativa revisada per pàgina i taula,estructural
sct-13-0-16,RGC,Reglament general de circulació,SUPÒSITS ESPECIALS DEL SENTIT DE CIRCULACIÓ,Incomplir les restriccions temporals a la circulació imposades pels Agents encarregats de la vigilància del trànsit (indicar incompliment),39.4,G,200,100,4,,13,"Catàleg d’infraccions SCT, 20 de maig de 2026",assignació normativa revisada per pàgina i taula,estructural
sct-13-0-17,RGC,Reglament general de circulació,SUPÒSITS ESPECIALS DEL SENTIT DE CIRCULACIÓ,Circular sense haver obtingut la corresponent autorització especial que l’empara per a poder circular dintre d’itineraris i terminis subjectes a restricció establerts per RESOLUCIÓ DE L’AUTORITAT COMPETENT.,39.5,MG,500,250,0,,13,"Catàleg d’infraccions SCT, 20 de maig de 2026",assignació normativa revisada per pàgina i taula,estructural
sct-13-0-18,RGC,Reglament general de circulació,SUPÒSITS ESPECIALS DEL SENTIT DE CIRCULACIÓ,Incomplir les condicions de l’autorització especial que l’empara per a poder circular dintre d’itineraris i terminis subjectes a restricció (indicar incompliment),39.5,MG,500,250,0,,13,"Catàleg d’infraccions SCT, 20 de maig de 2026",assignació normativa revisada per pàgina i taula,estructural
sct-13-0-20,RGC,Reglament general de circulació,SUPÒSITS ESPECIALS DEL SENTIT DE CIRCULACIÓ,Circular per un carril reversible en sentit contrari a l'estipulat,40.2,MG,500,250,6,,13,"Catàleg d’infraccions SCT, 20 de maig de 2026",assignació normativa revisada per pàgina i taula,estructural
sct-13-0-22,RGC,Reglament general de circulació,SUPÒSITS ESPECIALS DEL SENTIT DE CIRCULACIÓ,"Circular per un carril habilitat en sentit contrari al que és habitual quan es té prohibit fer-ho La utilització dels carrils habilitats per a la circulació en sentit contrari a l’habitual queda limitada a les motocicletes i turismes, i està prohibida, per tant, a la resta de vehicles, inclosos els turismes amb remolc",41.1,G,200,100,0,,13,"Catàleg d’infraccions SCT, 20 de maig de 2026",assignació normativa revisada per pàgina i taula,estructural
sct-13-0-23,RGC,Reglament general de circulació,SUPÒSITS ESPECIALS DEL SENTIT DE CIRCULACIÓ,Circular per un carril habilitat en sentit contrari a l’habitual a una velocitat superior als 80 km/h,41.1,G/MG,Veure barem,—,0,,13,"Catàleg d’infraccions SCT, 20 de maig de 2026",assignació normativa revisada per pàgina i taula,estructural
sct-13-0-24,RGC,Reglament general de circulació,SUPÒSITS ESPECIALS DEL SENTIT DE CIRCULACIÓ,Circular per un carril habilitat en sentit contrari a l’habitual a una velocitat inferior a la velocitat mínima establerta La velocitat mínima de circulació per un carril habilitat en sentit contrari a l’habitual és de 60 km/h però pot ser inferior si així s’ha específicament establert o senyalitzat,41.1,G,200,100,0,,13,"Catàleg d’infraccions SCT, 20 de maig de 2026",assignació normativa revisada per pàgina i taula,estructural
sct-13-0-25,RGC,Reglament general de circulació,SUPÒSITS ESPECIALS DEL SENTIT DE CIRCULACIÓ,"Desplaçar-se lateralment des d’un carril habilitat per a la circulació en sentit contrari a l’habitual, envaint el carril contigu destinat al sentit normal de la circulació",41.1,MG,500,250,6,,13,"Catàleg d’infraccions SCT, 20 de maig de 2026",assignació normativa revisada per pàgina i taula,estructural
sct-13-0-26,RGC,Reglament general de circulació,SUPÒSITS ESPECIALS DEL SENTIT DE CIRCULACIÓ,"Desplaçar-se lateralment des d’un carril destinat al sentit normal de la circulació, envaint el carril contigu habilitat per a la circulació en sentit contrari a l’habitual",41.1,MG,500,250,6,,13,"Catàleg d’infraccions SCT, 20 de maig de 2026",assignació normativa revisada per pàgina i taula,estructural
sct-13-0-27,RGC,Reglament general de circulació,SUPÒSITS ESPECIALS DEL SENTIT DE CIRCULACIÓ,Circular per un carril destinat al sentit normal de la circulació contigu a un carril habilitat per a la circulació en sentit contrari a l’habitual amb els llums de curt abast o d’encreuament apagats,41.1,G,200,100,0,,13,"Catàleg d’infraccions SCT, 20 de maig de 2026",assignació normativa revisada per pàgina i taula,estructural
sct-13-0-28,RGC,Reglament general de circulació,SUPÒSITS ESPECIALS DEL SENTIT DE CIRCULACIÓ,"Circular per un carril destinat al sentit normal de la circulació contigu a un carril habilitat per a la circulació en sentit contrari a l’habitual a una velocitat superior a la reglamentàriament establerta Si només existeix un sol carril destinat al sentit normal de la circulació, la velocitat màxima permesa és de 80 km/h, si es disposa de més d’un carril, les velocitats màximes permeses són les fixades pels articles 48.1, 49 i 50",41.1,G/MG,Veure,—,0,,13,"Catàleg d’infraccions SCT, 20 de maig de 2026",assignació normativa revisada per pàgina i taula,estructural
sct-14-0-1,RGC,Reglament general de circulació,SUPÒSITS ESPECIALS DEL SENTIT DE CIRCULACIÓ,Circular per un carril destinat al sentit normal de la circulació contigu a un carril habilitat per a la circulació en sentit contrari a l’habitual a una velocitat inferior a la velocitat mínima establerta La velocitat mínima de circulació per un carril destinat al sentit normal de la circulació contigu a un carril habilitat en sentit contrari a l’habitual és de 60 km/h però pot ser inferior si així s’ha específicament establert o senyalitzat,41.1,G,200,100,0,,14,"Catàleg d’infraccions SCT, 20 de maig de 2026",assignació normativa revisada per pàgina i taula,estructural
sct-14-0-3,RGC,Reglament general de circulació,SUPÒSITS ESPECIALS DEL SENTIT DE CIRCULACIÓ,Circular per un carril addicional a una velocitat superior als 80 km/h,42.1,G/MG,Veure barem,—,0,,14,"Catàleg d’infraccions SCT, 20 de maig de 2026",assignació normativa revisada per pàgina i taula,estructural
sct-14-0-4,RGC,Reglament general de circulació,SUPÒSITS ESPECIALS DEL SENTIT DE CIRCULACIÓ,Circular per un carril addicional a una velocitat inferior a la velocitat mínima establerta La velocitat mínima de circulació per un carril addicional és de 60 km/h però pot ser inferior si així s’ha específicament establert o senyalitzat,42.1,G,200,100,0,,14,"Catàleg d’infraccions SCT, 20 de maig de 2026",assignació normativa revisada per pàgina i taula,estructural
sct-14-0-5,RGC,Reglament general de circulació,SUPÒSITS ESPECIALS DEL SENTIT DE CIRCULACIÓ,"Desplaçar-se lateralment des d’un carril addicional, envaint el carril contigu destinat a la circulació en sentit contrari",42.1,MG,500,250,6,,14,"Catàleg d’infraccions SCT, 20 de maig de 2026",assignació normativa revisada per pàgina i taula,estructural
sct-14-0-6,RGC,Reglament general de circulació,SUPÒSITS ESPECIALS DEL SENTIT DE CIRCULACIÓ,"Desplaçar-se lateralment des d’un carril destinat al sentit normal de circulació, envaint el carril addicional destinat a la circulació en sentit contrari",42.1,MG,500,250,6,,14,"Catàleg d’infraccions SCT, 20 de maig de 2026",assignació normativa revisada per pàgina i taula,estructural
sct-14-0-8,RGC,Reglament general de circulació,SUPÒSITS ESPECIALS DEL SENTIT DE CIRCULACIÓ,"Circular en sentit contrari al que està estipulat en una via de doble sentit de circulació, on hi ha un refugi, una illa o un dispositiu de guia",43.1,MG,500,250,6,,14,"Catàleg d’infraccions SCT, 20 de maig de 2026",assignació normativa revisada per pàgina i taula,estructural
sct-14-0-9,RGC,Reglament general de circulació,SUPÒSITS ESPECIALS DEL SENTIT DE CIRCULACIÓ,"Circular en sentit contrari al que està estipulat per una plaça, una glorieta o en una confluència de vies",43.2,MG,500,250,6,,14,"Catàleg d’infraccions SCT, 20 de maig de 2026",assignació normativa revisada per pàgina i taula,estructural
sct-14-0-11,RGC,Reglament general de circulació,UTILITZACIÓ DE LES CALÇADES,Circular per la calçada en sentit contrari al que està estipulat en una via dividida en dues calçades,44.1,MG,500,250,6,,14,"Catàleg d’infraccions SCT, 20 de maig de 2026",assignació normativa revisada per pàgina i taula,estructural
sct-14-0-12,RGC,Reglament general de circulació,UTILITZACIÓ DE LES CALÇADES,Circular per la calçada central o lateral en sentit contrari al que està estipulat en una via dividida en tres calçades,44.2,MG,500,250,6,,14,"Catàleg d’infraccions SCT, 20 de maig de 2026",assignació normativa revisada per pàgina i taula,estructural
sct-14-0-15,RGC,Reglament general de circulació,VELOCITAT,"Circular amb un vehicle sense moderar la velocitat i, en el seu cas, detenir-se, quan les circumstàncies ho exigeixen (indicar circumstàncies) • quan hi ha vianants a la part de la via que el vehicle utilitza o quan es pot preveure que hi irrompran • quan hi ha nens, gent gran, invidents o altres persones amb disminució a la part de la via que el vehicle utilitza o quan es pot preveure que hi irrompran • en acostar-se a cicles circulant, en les interseccions o proximitats de vies d’ús exclusiu de cicles • en acostar-se a pas de vianants no regulats per semàfor o agents de circulació • en acostar-se a mercats, centres docents o llocs on sigui previsible la presència de nens • quan hi ha animals a la part de la via que el vehicle utilitza o quan es pot preveure que hi irrompran • en un tram amb edificis d’accés immediat a la part de la via que el vehicle utilitza • en acostar-se a un autobús en situació de parada i en especial si es tracta d’un autobús de transport escolar • fora de poblat, en acostar-se a vehicles immobilitzats a la calçada • fora de poblat, en acostar-se a cicles que circulen per la via o pel voral • quan hi ha paviment lliscant o quan es pot esquitxar aigua, gravilla o altres matèries als altres usuaris de la via • en acostar-se a un pas a nivell, a una glorieta o a una intersecció en què no es té prioritat, a un lloc de visibilitat reduïda o a un estretall de la via • quan les circumstàncies de la via, dels vehicles o les meteorològiques o ambientals no permeten realitzar l’encreuament amb un altre vehicle amb seguretat • en cas d’enlluernament • en cas de boira densa, pluja intensa, nevada o núvols de pols o fum",46.1,G,200,100,0,,14,"Catàleg d’infraccions SCT, 20 de maig de 2026",assignació normativa revisada per pàgina i taula,estructural
sct-14-0-16,RGC,Reglament general de circulació,VELOCITAT,Circular a …. km/h quan la velocitat està limitada a 50 km/h atesa la proximitat d’una intersecció senyalitzada on la visibilitat de la via és pràcticament nul·la (indicar velocitat mesurada i cinemòmetre utilitzat),46.1.h),G/MG,Veure barem,—,0,,14,"Catàleg d’infraccions SCT, 20 de maig de 2026",assignació normativa revisada per pàgina i taula,estructural
sct-15-0-0,RGC,Reglament general de circulació,VELOCITAT,Circular a una velocitat que supera la limitació genèrica per raó del tipus de vehicle i de la via (indicar la velocitat mesurada),48.1,G/MG,Veure barem,—,0,,15,"Catàleg d’infraccions SCT, 20 de maig de 2026",assignació normativa revisada per pàgina i taula,estructural
sct-15-0-2,RGC,Reglament general de circulació,VELOCITAT,"Circular a una velocitat anormalment reduïda, sense causa justificada, entorpint la marxa d'un altre vehicle",49.1,G,200,100,0,,15,"Catàleg d’infraccions SCT, 20 de maig de 2026",assignació normativa revisada per pàgina i taula,estructural
sct-15-0-3,RGC,Reglament general de circulació,VELOCITAT,Circular per una autopista o una autovia a una velocitat inferior als 60 km/h (indicar la velocitat mesurada),49.1,G,200,100,0,,15,"Catàleg d’infraccions SCT, 20 de maig de 2026",assignació normativa revisada per pàgina i taula,estructural
sct-15-0-4,RGC,Reglament general de circulació,VELOCITAT,Circular a una velocitat inferior a la meitat genèrica de la via (indicar la limitació genèrica i la velocitat mesurada),49.1,G,200,100,0,,15,"Catàleg d’infraccions SCT, 20 de maig de 2026",assignació normativa revisada per pàgina i taula,estructural
sct-15-0-6,RGC,Reglament general de circulació,VELOCITAT,"Circular a una velocitat superior als 50 km/h, segons la limitació imposada a les vies urbanes i les travesseres (indicar la velocitat mesurada)",50.1,G/MG,Veure barem,—,0,,15,"Catàleg d’infraccions SCT, 20 de maig de 2026",assignació normativa revisada per pàgina i taula,estructural
sct-15-0-7,RGC,Reglament general de circulació,VELOCITAT,"Circular a una velocitat superior als 30 km/h, segons la limitació imposada a les vies urbanes i les travesseres (indicar la velocitat mesurada)",50.1,G/MG,Veure barem,—,0,,15,"Catàleg d’infraccions SCT, 20 de maig de 2026",assignació normativa revisada per pàgina i taula,estructural
sct-15-0-8,RGC,Reglament general de circulació,VELOCITAT,"Circular a una velocitat superior als 20 km/h, segons la limitació imposada a les vies urbanes i les travesseres (indicar la velocitat mesurada)",50.1,G/MG,Veure barem,—,0,,15,"Catàleg d’infraccions SCT, 20 de maig de 2026",assignació normativa revisada per pàgina i taula,estructural
sct-15-0-9,RGC,Reglament general de circulació,VELOCITAT,"Circular, un vehicle que transporta mercaderies perilloses, per una via urbana o una travessera a una velocitat superior als 40 km/h (indicar la velocitat mesurada)",50.1,G/MG,Veure barem,—,0,,15,"Catàleg d’infraccions SCT, 20 de maig de 2026",assignació normativa revisada per pàgina i taula,estructural
sct-15-0-10,RGC,Reglament general de circulació,VELOCITAT,"Circular, un vehicle que transporta mercaderies perilloses, per una via urbana o una travessera a una velocitat superior als 30 km/h (indicar la velocitat mesurada)",50.1,G/MG,Veure barem,—,0,,15,"Catàleg d’infraccions SCT, 20 de maig de 2026",assignació normativa revisada per pàgina i taula,estructural
sct-15-0-11,RGC,Reglament general de circulació,VELOCITAT,"Circular, un vehicle que transporta mercaderies perilloses, per una via urbana o una travessera a una velocitat superior als 20 km/h (indicar la velocitat mesurada)",50.1,G/MG,Veure barem,—,0,,15,"Catàleg d’infraccions SCT, 20 de maig de 2026",assignació normativa revisada per pàgina i taula,estructural
sct-15-0-13,RGC,Reglament general de circulació,VELOCITAT,Circular a una velocitat superior a la fixada pel senyal corresponent (indicar la velocitat mesurada),52.1.a),G/MG,Veure barem,—,0,,15,"Catàleg d’infraccions SCT, 20 de maig de 2026",assignació normativa revisada per pàgina i taula,estructural
sct-15-0-14,RGC,Reglament general de circulació,VELOCITAT,Circular a una velocitat superior a la que estableix el permís de conducció a causa de les circumstàncies personals del conductor (indicar la velocitat mesurada),52.1.b),G/MG,Veure barem,—,0,,15,"Catàleg d’infraccions SCT, 20 de maig de 2026",assignació normativa revisada per pàgina i taula,estructural
sct-15-0-15,RGC,Reglament general de circulació,VELOCITAT,"Circular, un conductor novell, a una velocitat superior als 80 km/h (indicar la velocitat mesurada)",52.1.c),G/MG,Veure barem,—,0,,15,"Catàleg d’infraccions SCT, 20 de maig de 2026",assignació normativa revisada per pàgina i taula,estructural
sct-15-0-16,RGC,Reglament general de circulació,VELOCITAT,"Circular, un vehicle o un conjunt de vehicles, a una velocitat superior a la fixada ateses les seves característiques especials o la naturalesa de la seva càrrega (indicar la velocitat mesurada)",52.1.d),G/MG,Veure barem,—,0,,15,"Catàleg d’infraccions SCT, 20 de maig de 2026",assignació normativa revisada per pàgina i taula,estructural
sct-15-0-17,RGC,Reglament general de circulació,VELOCITAT,"Circular sense portar visible a la part de darrere del vehicle, el senyal reglamentari de limitació de velocitat fixada al conductor o, en el seu cas, al vehicle ressenyat",52.2,L,80,40,0,,15,"Catàleg d’infraccions SCT, 20 de maig de 2026",assignació normativa revisada per pàgina i taula,estructural
sct-15-0-19,RGC,Reglament general de circulació,REDUCCIÓ DE VELOCITAT,Reduir considerablement la velocitat sense que hi hagi perill i sense avisar prèviament els vehicles que el segueixen,53.1,G,200,100,0,,15,"Catàleg d’infraccions SCT, 20 de maig de 2026",assignació normativa revisada per pàgina i taula,estructural
sct-15-0-20,RGC,Reglament general de circulació,REDUCCIÓ DE VELOCITAT,Reduir bruscament la velocitat amb risc de col·lisió per als vehicles que el segueixen,53.1,G,200,100,0,,15,"Catàleg d’infraccions SCT, 20 de maig de 2026",assignació normativa revisada per pàgina i taula,estructural
sct-15-0-22,RGC,Reglament general de circulació,DISTÀNCIES ENTRE VEHICLES,"Circular darrere d'un altre vehicle sense deixar un espai lliure que permeti parar-se sense col·lidir en cas de frenada brusca del vehicle que el precedeix S’exceptuen d’aquest supòsit els conductors de bicicletes, que poden circular en grup sense mantenir aquesta separació",54.1,G,200,100,4,,15,"Catàleg d’infraccions SCT, 20 de maig de 2026",assignació normativa revisada per pàgina i taula,estructural
sct-15-0-23,RGC,Reglament general de circulació,DISTÀNCIES ENTRE VEHICLES,"Circular darrere d'un altre vehicle, sense indicar la intenció d'avançar-lo, amb una separació que no permet, a la vegada, ésser avançat amb seguretat S’exceptuen d’aquest supòsit els ciclistes que circulen en grup",54.2,G,200,100,0,,15,"Catàleg d’infraccions SCT, 20 de maig de 2026",assignació normativa revisada per pàgina i taula,estructural
sct-15-0-24,RGC,Reglament general de circulació,DISTÀNCIES ENTRE VEHICLES,"Circular amb un vehicle de MMA superior a 3.500 kg de MMA o amb un vehicle o amb un conjunt de vehicles de més de 10 m de longitud total, darrere d'un altre vehicle, sense indicar la intenció d'avançar-lo, a una distància d'aquest inferior a 50 m Excepcions a aquest supòsit: - en poblat - on estigui prohibit l'avançament - on hi hagi més d'un carril destinat al mateix sentit de la circulació - o quan la circulació estigui tan saturada que impedeixi l'avançament",54.2,G,200,100,0,,15,"Catàleg d’infraccions SCT, 20 de maig de 2026",assignació normativa revisada per pàgina i taula,estructural
sct-16-0-1,RGC,Reglament general de circulació,COMPETICIONS,"Celebrar una prova esportiva, marxa ciclista o un altre esdeveniment sense haver obtingut l’autorització administrativa prèvia",55.1,MG,500,250,0,,16,"Catàleg d’infraccions SCT, 20 de maig de 2026",assignació normativa revisada per pàgina i taula,estructural
sct-16-0-2,RGC,Reglament general de circulació,COMPETICIONS,"Celebrar una prova esportiva, marxa ciclista o un altre esdeveniment incomplint les condicions fixades en l’autorització administrativa (indicar condició incomplerta)",55.1,MG,500,250,0,,16,"Catàleg d’infraccions SCT, 20 de maig de 2026",assignació normativa revisada per pàgina i taula,estructural
sct-16-0-3,RGC,Reglament general de circulació,COMPETICIONS,Participar en competicions i curses de vehicles no autoritzades.,55.2,MG,500,250,6,,16,"Catàleg d’infraccions SCT, 20 de maig de 2026",assignació normativa revisada per pàgina i taula,estructural
sct-16-0-6,RGC,Reglament general de circulació,NORMES DE PRIORITAT DE PAS,No cedir el pas en una intersecció senyalitzada de manera que s’obliga a un altre vehicle a maniobrar bruscament,56.1,G,200,100,4,,16,"Catàleg d’infraccions SCT, 20 de maig de 2026",assignació normativa revisada per pàgina i taula,estructural
sct-16-0-8,RGC,Reglament general de circulació,NORMES DE PRIORITAT DE PAS,"No cedir el pas a un vehicle que s’acosta per la dreta en una intersecció sense senyalitzar, de manera que se’l força a maniobrar bruscament",57.1,G,200,100,4,,16,"Catàleg d’infraccions SCT, 20 de maig de 2026",assignació normativa revisada per pàgina i taula,estructural
sct-16-0-9,RGC,Reglament general de circulació,NORMES DE PRIORITAT DE PAS,"Accedir a una via pavimentada provinent d’una via sense pavimentar sense cedir el pas a un vehicle que hi circula, de manera que se’l força a maniobrar bruscament",57.1.a),G,200,100,4,,16,"Catàleg d’infraccions SCT, 20 de maig de 2026",assignació normativa revisada per pàgina i taula,estructural
sct-16-0-10,RGC,Reglament general de circulació,NORMES DE PRIORITAT DE PAS,"No cedir el pas a un vehicle que circula per rails, de manera que se’l força a maniobrar bruscament",57.1.b),G,200,100,4,,16,"Catàleg d’infraccions SCT, 20 de maig de 2026",assignació normativa revisada per pàgina i taula,estructural
sct-16-0-11,RGC,Reglament general de circulació,NORMES DE PRIORITAT DE PAS,"Accedir a una glorieta sense cedir el pas a un vehicle que circula per la via circular, de manera que se'l força a maniobrar bruscament",57.1.c),G,200,100,4,,16,"Catàleg d’infraccions SCT, 20 de maig de 2026",assignació normativa revisada per pàgina i taula,estructural
sct-16-0-12,RGC,Reglament general de circulació,NORMES DE PRIORITAT DE PAS,"Accedir a una autopista o a una autovia sense cedir el pas a un vehicle que hi circula, de manera que se’l força a maniobrar bruscament",57.1.d),G,200,100,4,,16,"Catàleg d’infraccions SCT, 20 de maig de 2026",assignació normativa revisada per pàgina i taula,estructural
sct-16-0-14,RGC,Reglament general de circulació,NORMES DE PRIORITAT DE PAS,"No mostrar amb prou antelació, per la forma de circular i, especialment, amb la reducció progressiva de la velocitat, que es cedirà el pas en una intersecció",58.1,G,200,100,0,,16,"Catàleg d’infraccions SCT, 20 de maig de 2026",assignació normativa revisada per pàgina i taula,estructural
sct-16-0-16,RGC,Reglament general de circulació,NORMES DE PRIORITAT DE PAS,"Entrar en una intersecció, en un pas de vianants o en un pas per a ciclistes quan en atenció a la circulació el vehicle queda detingut de forma que impedeix o obstrueix la circulació transversal",59.1,G,200,100,0,,16,"Catàleg d’infraccions SCT, 20 de maig de 2026",assignació normativa revisada per pàgina i taula,estructural
sct-16-0-17,RGC,Reglament general de circulació,NORMES DE PRIORITAT DE PAS,"Estar detingut en una intersecció regulada per semàfor, obstaculitzant la circulació i no sortir-ne al més aviat possible, sempre que pugui fer-ho sense dificultar la marxa dels altres usuaris que avancen en el sentit permès",59.2,G,200,100,0,,16,"Catàleg d’infraccions SCT, 20 de maig de 2026",assignació normativa revisada per pàgina i taula,estructural
sct-16-0-20,RGC,Reglament general de circulació,"TRAMS EN OBRES, ESTRETALLS I TRAMS DE GRAN PENDENT",No respectar la prioritat del vehicle que ha entrat primer en un estretall no senyalitzat fent impossible o molt difícil el pas simultani de dos vehicles que circulen en sentit contrari,60.1,G,200,100,0,,16,"Catàleg d’infraccions SCT, 20 de maig de 2026",assignació normativa revisada per pàgina i taula,estructural
sct-16-0-21,RGC,Reglament general de circulació,"TRAMS EN OBRES, ESTRETALLS I TRAMS DE GRAN PENDENT",No circular pel lloc indicat per fer-ho en una via amb obres de reparació,60.2,G,200,100,0,,16,"Catàleg d’infraccions SCT, 20 de maig de 2026",assignació normativa revisada per pàgina i taula,estructural
sct-16-0-22,RGC,Reglament general de circulació,"TRAMS EN OBRES, ESTRETALLS I TRAMS DE GRAN PENDENT",Superar a un vehicle que es troba detingut esperant per passar davant d’una obra de reparació de la via,60.4,G,200,100,0,,16,"Catàleg d’infraccions SCT, 20 de maig de 2026",assignació normativa revisada per pàgina i taula,estructural
sct-16-0-23,RGC,Reglament general de circulació,"TRAMS EN OBRES, ESTRETALLS I TRAMS DE GRAN PENDENT",No obeir les indicacions del personal destinat a la regulació del pas de vehicles en trams en obres,60.5,G,200,100,0,,16,"Catàleg d’infraccions SCT, 20 de maig de 2026",assignació normativa revisada per pàgina i taula,estructural
sct-16-0-25,RGC,Reglament general de circulació,"TRAMS EN OBRES, ESTRETALLS I TRAMS DE GRAN PENDENT",No respectar el senyal de prioritat de pas en un pont o una obra de pas l’amplada del qual no permet l’encreuament de vehicles,61.1,G,200,100,0,,16,"Catàleg d’infraccions SCT, 20 de maig de 2026",assignació normativa revisada per pàgina i taula,estructural
sct-16-0-26,RGC,Reglament general de circulació,"TRAMS EN OBRES, ESTRETALLS I TRAMS DE GRAN PENDENT","No retrocedir en un pont o en una obra de pas per deixar passar a un altre vehicle que circula en sentit contrari i que gaudeix de prioritat de pas senyalitzada, quan l’encreuament és impossible",61.2,G,200,100,0,,16,"Catàleg d’infraccions SCT, 20 de maig de 2026",assignació normativa revisada per pàgina i taula,estructural
sct-16-0-27,RGC,Reglament general de circulació,"TRAMS EN OBRES, ESTRETALLS I TRAMS DE GRAN PENDENT","No respectar la prioritat de pas, el conductor d’un vehicle que necessita autorització especial per circular, a un altre d’idèntiques característiques, en un pont amb l’amplada de la calçada inferior a 6 metres",61.3,G,200,100,0,,16,"Catàleg d’infraccions SCT, 20 de maig de 2026",assignació normativa revisada per pàgina i taula,estructural
sct-16-0-29,RGC,Reglament general de circulació,"TRAMS EN OBRES, ESTRETALLS I TRAMS DE GRAN PENDENT","No respectar l’ordre de preferència en un estretall no senyalitzat el conductor del vehicle ressenyat que reglamentàriament ha de fer marxa enrere L’ordre de preferència entre els diferents tipus de vehicles és el següent: a) Vehicles especials i transports especials que excedeixen les masses o dimensions establertes en les normes reguladores dels vehicles b) Conjunt de vehicles, excepte els de la lletra d) c) Vehicles de tracció animal d) Turismes que arrosseguen remolcs de fins a 750 kg i autocaravanes e) Vehicles destinats al transport col·lectiu de viatgers f) Camions, tractocamions i furgons g) Turismes i vehicles derivats de turismes h) Vehicles especials que no excedeixen les masses o dimensions establertes en les normes reguladores dels vehicles, quadricicles i quadricicles lleugers i) Vehicles de tres rodes, motocicletes amb sidecar i ciclomotors de tres rodes j) Motocicletes, ciclomotors de dues rodes i bicicletes La relació de preferència entre vehicles del mateix tipus és la següent: 1r El vehicle que hagi d’anar marxa enrere més distància 2n Si la distància és la mateixa, el vehicle de més amplada, llargada o MMA",62.1,G,200,100,0,,16,"Catàleg d’infraccions SCT, 20 de maig de 2026",assignació normativa revisada per pàgina i taula,estructural
sct-17-0-2,RGC,Reglament general de circulació,"TRAMS EN OBRES, ESTRETALLS I TRAMS DE GRAN PENDENT",No respectar la preferència de pas del vehicle que circula en sentit ascendent en un tram estret de gran pendent que fa impossible o molt difícil el pas simultani de dos vehicles que circulen en sentit contrari S’entenen com a trams de gran pendent els que tenen una inclinació mínima del 7%,63.1,G,200,100,0,,17,"Catàleg d’infraccions SCT, 20 de maig de 2026",assignació normativa revisada per pàgina i taula,estructural
sct-17-0-5,RGC,Reglament general de circulació,"NORMES DE COMPORTAMENT DELS CONDUCTORS RESPECTE ELS CICLISTES, VIANANTS I ANIMALS","No respectar la prioritat de pas dels ciclistes que circulen per un carril bici, pas per a ciclistes o voral degudament senyalitzats",64.a),G,200,100,4,,17,"Catàleg d’infraccions SCT, 20 de maig de 2026",assignació normativa revisada per pàgina i taula,estructural
sct-17-0-6,RGC,Reglament general de circulació,"NORMES DE COMPORTAMENT DELS CONDUCTORS RESPECTE ELS CICLISTES, VIANANTS I ANIMALS",Girar amb el vehicle per entrar en una altra via sense donar la prioritat de pas als ciclistes que hi circulen,64.b),G,200,100,4,,17,"Catàleg d’infraccions SCT, 20 de maig de 2026",assignació normativa revisada per pàgina i taula,estructural
sct-17-0-7,RGC,Reglament general de circulació,"NORMES DE COMPORTAMENT DELS CONDUCTORS RESPECTE ELS CICLISTES, VIANANTS I ANIMALS",No respectar la prioritat de pas dels ciclistes que circulen en grup i que el primer d’ells ha iniciat l’encreuament o ha entrat en una glorieta,64.c),G,200,100,4,,17,"Catàleg d’infraccions SCT, 20 de maig de 2026",assignació normativa revisada per pàgina i taula,estructural
sct-17-0-9,RGC,Reglament general de circulació,"NORMES DE COMPORTAMENT DELS CONDUCTORS RESPECTE ELS CICLISTES, VIANANTS I ANIMALS",No respectar la prioritat de pas dels vianants en un pas degudament senyalitzat. Només es detrauran punts quan l’infractor sigui el conductor d’un vehicle per al que es requereix llicència o permís de conduir.,65.1.a),G,200,100,4,,17,"Catàleg d’infraccions SCT, 20 de maig de 2026",assignació normativa revisada per pàgina i taula,estructural
sct-17-0-10,RGC,Reglament general de circulació,"NORMES DE COMPORTAMENT DELS CONDUCTORS RESPECTE ELS CICLISTES, VIANANTS I ANIMALS",Girar amb el vehicle per entrar en una altra via sense donar la prioritat de pas als vianants que la travessen,65.1.b),G,200,100,4,,17,"Catàleg d’infraccions SCT, 20 de maig de 2026",assignació normativa revisada per pàgina i taula,estructural
sct-17-0-11,RGC,Reglament general de circulació,"NORMES DE COMPORTAMENT DELS CONDUCTORS RESPECTE ELS CICLISTES, VIANANTS I ANIMALS",Travessar amb un vehicle el voral sense donar la prioritat de pas als vianants que hi circulen perquè no disposen de zona de vianants,65.1.c),G,200,100,4,,17,"Catàleg d’infraccions SCT, 20 de maig de 2026",assignació normativa revisada per pàgina i taula,estructural
sct-17-0-12,RGC,Reglament general de circulació,"NORMES DE COMPORTAMENT DELS CONDUCTORS RESPECTE ELS CICLISTES, VIANANTS I ANIMALS",Travessar amb un vehicle una zona de vianants pel pas habilitat a l’efecte sense deixar passar els vianants que hi circulen,65.2,G,200,100,0,,17,"Catàleg d’infraccions SCT, 20 de maig de 2026",assignació normativa revisada per pàgina i taula,estructural
sct-17-0-13,RGC,Reglament general de circulació,"NORMES DE COMPORTAMENT DELS CONDUCTORS RESPECTE ELS CICLISTES, VIANANTS I ANIMALS","Circular amb un vehicle sense cedir el pas als vianants que utilitzen un transport col·lectiu de viatgers, en una parada senyalitzada, i es troben entre aquest vehicle i la zona de vianants o refugi més pròxim",65.3.a),G,200,100,0,,17,"Catàleg d’infraccions SCT, 20 de maig de 2026",assignació normativa revisada per pàgina i taula,estructural
sct-17-0-14,RGC,Reglament general de circulació,"NORMES DE COMPORTAMENT DELS CONDUCTORS RESPECTE ELS CICLISTES, VIANANTS I ANIMALS","Circular amb un vehicle sense cedir el pas a una tropa en formació, fila escolar o comitiva organitzada",65.3.b),G,200,100,0,,17,"Catàleg d’infraccions SCT, 20 de maig de 2026",assignació normativa revisada per pàgina i taula,estructural
sct-17-0-16,RGC,Reglament general de circulació,"NORMES DE COMPORTAMENT DELS CONDUCTORS RESPECTE ELS CICLISTES, VIANANTS I ANIMALS",No respectar la prioritat de pas dels animals que circulen per una carrerada degudament senyalitzada,66.1.a),G,200,100,0,,17,"Catàleg d’infraccions SCT, 20 de maig de 2026",assignació normativa revisada per pàgina i taula,estructural
sct-17-0-17,RGC,Reglament general de circulació,"NORMES DE COMPORTAMENT DELS CONDUCTORS RESPECTE ELS CICLISTES, VIANANTS I ANIMALS",Girar amb el vehicle per entrar en una altra via sense donar la prioritat de pas als animals que la travessen,66.1.b),G,200,100,0,,17,"Catàleg d’infraccions SCT, 20 de maig de 2026",assignació normativa revisada per pàgina i taula,estructural
sct-17-0-18,RGC,Reglament general de circulació,"NORMES DE COMPORTAMENT DELS CONDUCTORS RESPECTE ELS CICLISTES, VIANANTS I ANIMALS",Travessar amb un vehicle el voral sense donar la prioritat de pas als animals que hi circulen perquè no disposen de carrerada,66.1.c),G,200,100,0,,17,"Catàleg d’infraccions SCT, 20 de maig de 2026",assignació normativa revisada per pàgina i taula,estructural
sct-17-0-20,RGC,Reglament general de circulació,VEHICLES EN SERVEI D’URGÈNCIA,"Fer ús de la prioritat de pas, el conductor d’un vehicle de servei d’urgència, sense trobar-se en servei urgent",67.1,G,200,100,0,,17,"Catàleg d’infraccions SCT, 20 de maig de 2026",assignació normativa revisada per pàgina i taula,estructural
sct-17-0-21,RGC,Reglament general de circulació,VEHICLES EN SERVEI D’URGÈNCIA,"Conduir un vehicle prioritari, en servei urgent, sense adoptar les precaucions necessàries per no posar en perill a la resta d’usuaris (indicar la maniobra realitzada i el perill creat)",68.1,G,200,100,0,,17,"Catàleg d’infraccions SCT, 20 de maig de 2026",assignació normativa revisada per pàgina i taula,estructural
sct-17-0-22,RGC,Reglament general de circulació,VEHICLES EN SERVEI D’URGÈNCIA,"No obeir, el conductor d’un vehicle prioritari, les ordres i senyals dels agents de circulació",68.1,G,200,100,0,,17,"Catàleg d’infraccions SCT, 20 de maig de 2026",assignació normativa revisada per pàgina i taula,estructural
sct-17-0-24,RGC,Reglament general de circulació,VEHICLES EN SERVEI D’URGÈNCIA,"No facilitar el pas a un vehicle prioritari que circula en servei d’urgència, després de percebre els senyals que anuncien la seva proximitat",69,G,200,100,0,,17,"Catàleg d’infraccions SCT, 20 de maig de 2026",assignació normativa revisada per pàgina i taula,estructural
sct-17-0-25,RGC,Reglament general de circulació,VEHICLES EN SERVEI D’URGÈNCIA,No detenir el vehicle davant les indicacions lluminoses emeses per un vehicle policial en servei d’urgència,69,G,200,100,0,,17,"Catàleg d’infraccions SCT, 20 de maig de 2026",assignació normativa revisada per pàgina i taula,estructural
sct-17-0-27,RGC,Reglament general de circulació,VEHICLES EN SERVEI D’URGÈNCIA,"Circular en servei d’urgència, el conductor d’un vehicle no prioritari, sense motiu",70.1,G,200,100,0,,17,"Catàleg d’infraccions SCT, 20 de maig de 2026",assignació normativa revisada per pàgina i taula,estructural
sct-17-0-28,RGC,Reglament general de circulació,VEHICLES EN SERVEI D’URGÈNCIA,"No senyalitzar de forma reglamentària la circulació d’un vehicle no prioritari en servei d’urgència S’ha d’utilitzar l’avisador acústic de forma intermitent, connectant el llum d’emergència, si el vehicle en disposa, o fent voleiar un mocador o un procediment similar",70.1,G,200,100,0,,17,"Catàleg d’infraccions SCT, 20 de maig de 2026",assignació normativa revisada per pàgina i taula,estructural
sct-17-0-29,RGC,Reglament general de circulació,VEHICLES EN SERVEI D’URGÈNCIA,No facilitar el pas a un vehicle no prioritari en servei d’urgència,70.2,G,200,100,0,,17,"Catàleg d’infraccions SCT, 20 de maig de 2026",assignació normativa revisada per pàgina i taula,estructural
sct-18-0-1,RGC,Reglament general de circulació,VEHICLES I TRANSPORTS ESPECIALS: SENYALITZACIÓ,"No tenir instal·lada, un vehicle especial o un transport especial, la senyalització lluminosa corresponent",71.1,G,200,100,0,,18,"Catàleg d’infraccions SCT, 20 de maig de 2026",assignació normativa revisada per pàgina i taula,estructural
sct-18-0-2,RGC,Reglament general de circulació,VEHICLES I TRANSPORTS ESPECIALS: SENYALITZACIÓ,"No utilitzar el senyal lluminós especial, el conductor d’un vehicle destinat específicament a remolcar-ne un altre d’accidentat, avariat o mal estacionat, quan obstaculitza la circulació",71.2.a),G,200,100,0,,18,"Catàleg d’infraccions SCT, 20 de maig de 2026",assignació normativa revisada per pàgina i taula,estructural
sct-18-0-3,RGC,Reglament general de circulació,VEHICLES I TRANSPORTS ESPECIALS: SENYALITZACIÓ,"No utilitzar el senyal lluminós especial, el conductor d’un vehicle destinat a obres o serveis quan treballa en operacions de neteja, de conservació, de senyalització o de reparació de les vies, per indicar la seva situació a la resta d’usuaris de la via ja que pot suposar un perill per aquests",71.2.b),G,200,100,0,,18,"Catàleg d’infraccions SCT, 20 de maig de 2026",assignació normativa revisada per pàgina i taula,estructural
sct-18-0-4,RGC,Reglament general de circulació,VEHICLES I TRANSPORTS ESPECIALS: SENYALITZACIÓ,"No utilitzar el senyal lluminós especial, el conductor d’un vehicle destinat a obres o serveis, des del moment d’entrar en una autopista o autovia per fer-hi operacions de neteja, de conservació, de senyalització o de reparació de les vies i fins a arribar al lloc dels treballs",71.2.b),G,200,100,0,,18,"Catàleg d’infraccions SCT, 20 de maig de 2026",assignació normativa revisada per pàgina i taula,estructural
sct-18-0-5,RGC,Reglament general de circulació,VEHICLES I TRANSPORTS ESPECIALS: SENYALITZACIÓ,"No utilitzar el senyal lluminós especial o, en cas d’avaria d’aquest senyal, l’enllumenat corresponent, el conductor d’un vehicle especial o d’un vehicle en règim de transport especial, quan circula per vies d’ús públic a una velocitat que no supera els 40 km/h",71.3,G,200,100,0,,18,"Catàleg d’infraccions SCT, 20 de maig de 2026",assignació normativa revisada per pàgina i taula,estructural
sct-18-0-9,RGC,Reglament general de circulació,INCORPORACIÓ A LA CIRCULACIÓ,"Incorporar-se a la circulació, quan s’està parat o estacionat, quan procedeix de vies d’accés o zones de servei, o d’una propietat limítrof, sense cedir el pas a altres vehicles obligant als seus conductors a maniobrar bruscament",72.1,G,200,100,0,,18,"Catàleg d’infraccions SCT, 20 de maig de 2026",assignació normativa revisada per pàgina i taula,estructural
sct-18-0-10,RGC,Reglament general de circulació,INCORPORACIÓ A LA CIRCULACIÓ,"Incorporar-se a una via d’ús públic, des d’un camí exclusivament privat, sense cedir el pas a altres vehicles que hi circulen obligant als seus conductors a maniobrar bruscament",72.2,G,200,100,0,,18,"Catàleg d’infraccions SCT, 20 de maig de 2026",assignació normativa revisada per pàgina i taula,estructural
sct-18-0-11,RGC,Reglament general de circulació,INCORPORACIÓ A LA CIRCULACIÓ,Incorporar-se a la circulació sense senyalitzar òpticament la maniobra,72.3,G,200,100,0,,18,"Catàleg d’infraccions SCT, 20 de maig de 2026",assignació normativa revisada per pàgina i taula,estructural
sct-18-0-12,RGC,Reglament general de circulació,INCORPORACIÓ A LA CIRCULACIÓ,"Incorporar-se a la calçada, des d’un carril d’acceleració, sense cedir el pas a altres vehicles obligant als seus conductors a maniobrar bruscament",72.4,G,200,100,0,,18,"Catàleg d’infraccions SCT, 20 de maig de 2026",assignació normativa revisada per pàgina i taula,estructural
sct-18-0-14,RGC,Reglament general de circulació,INCORPORACIÓ A LA CIRCULACIÓ,"No facilitar la incorporació a la circulació d’altres vehicles, especialment als vehicles de transport col·lectiu de viatgers des d’una parada senyalitzada",73.1,L,80,40,0,,18,"Catàleg d’infraccions SCT, 20 de maig de 2026",assignació normativa revisada per pàgina i taula,estructural
sct-18-0-15,RGC,Reglament general de circulació,INCORPORACIÓ A LA CIRCULACIÓ,"En poblat, no facilitar la incorporació a la circulació a un vehicle de transport col·lectiu de viatgers des d’una parada senyalitzada",73.2,L,80,40,0,,18,"Catàleg d’infraccions SCT, 20 de maig de 2026",assignació normativa revisada per pàgina i taula,estructural
sct-18-0-18,RGC,Reglament general de circulació,"CANVIS DE DIRECCIÓ, CANVIS DE VIA I CARRIL",Fer un canvi de direcció amb perill per a la resta d’usuaris. - No ho ha advertit als vehicles que circulen darrere - No s’ha cerciorat de la velocitat i distància dels vehicles que s’acosten en sentit contrari - Canvi de direcció a l’esquerra sense prou visibilitat,74.1,G,200,100,0,,18,"Catàleg d’infraccions SCT, 20 de maig de 2026",assignació normativa revisada per pàgina i taula,estructural
sct-18-0-19,RGC,Reglament general de circulació,"CANVIS DE DIRECCIÓ, CANVIS DE VIA I CARRIL",Desplaçar-se lateralment per canviar de carril sense respectar la prioritat del vehicle que circula pel carril que es pretén ocupar,74.2,G,200,100,0,,18,"Catàleg d’infraccions SCT, 20 de maig de 2026",assignació normativa revisada per pàgina i taula,estructural
sct-18-0-21,RGC,Reglament general de circulació,"CANVIS DE DIRECCIÓ, CANVIS DE VIA I CARRIL",No advertir la maniobra de canvi de direcció amb suficient antelació,75.1.a),G,200,100,0,,18,"Catàleg d’infraccions SCT, 20 de maig de 2026",assignació normativa revisada per pàgina i taula,estructural
sct-18-0-22,RGC,Reglament general de circulació,"CANVIS DE DIRECCIÓ, CANVIS DE VIA I CARRIL","Fer un canvi de direcció sense col·locar el vehicle en el lloc adequat amb l’antelació necessària: - Calçada sentit únic, no situar-se a prop de la dreta o de l’esquerra - Calçada de doble sentit i canvi de direcció cap a l’esquerra; - no situar-se a prop de la marca longitudinal de separació de carrils o de l’eix de la calçada - envair sentit contrari - no col·locar-se en el carril central quan la calçada té 3 carrils",75.1.b),G,200,100,0,,18,"Catàleg d’infraccions SCT, 20 de maig de 2026",assignació normativa revisada per pàgina i taula,estructural
sct-18-0-23,RGC,Reglament general de circulació,"CANVIS DE DIRECCIÓ, CANVIS DE VIA I CARRIL",No fer la maniobra de canvi de direcció en el menor espai i temps possibles,75.1.b),G,200,100,0,,18,"Catàleg d’infraccions SCT, 20 de maig de 2026",assignació normativa revisada per pàgina i taula,estructural
sct-18-0-24,RGC,Reglament general de circulació,"CANVIS DE DIRECCIÓ, CANVIS DE VIA I CARRIL",Fer un canvi direcció cap a l’esquerra sense deixar a l’esquerre el centre de la intersecció S’exceptuen d’aquest supòsit els casos en què la intersecció estigui condicionada o senyalitzada per deixar el centre a la seva dreta,75.1.c),G,200,100,0,,18,"Catàleg d’infraccions SCT, 20 de maig de 2026",assignació normativa revisada per pàgina i taula,estructural
sct-18-0-26,RGC,Reglament general de circulació,"CANVIS DE DIRECCIÓ, CANVIS DE VIA I CARRIL","No adoptar les precaucions necessàries per evitar qualsevol perill en fer un canvi de direcció, si per les dimensions del vehicle o altres circumstàncies no és possible fer-lo reglamentàriament",76.1,G,200,100,0,,18,"Catàleg d’infraccions SCT, 20 de maig de 2026",assignació normativa revisada per pàgina i taula,estructural
sct-19-0-0,RGC,Reglament general de circulació,"CANVIS DE DIRECCIÓ, CANVIS DE VIA I CARRIL","Fer un canvi de direcció cap a l’esquerra amb un cicle o un ciclomotor sense situar-se a la dreta, fora de la calçada, quan no hi ha un carril especialment condicionat per efectuar el gir a l’esquerre",76.2,G,200,100,0,,19,"Catàleg d’infraccions SCT, 20 de maig de 2026",assignació normativa revisada per pàgina i taula,estructural
sct-19-0-2,RGC,Reglament general de circulació,"CANVIS DE DIRECCIÓ, CANVIS DE VIA I CARRIL",No entrar al més aviat possible en el carril de desceleració en abandonar una via,77,L,80,40,0,,19,"Catàleg d’infraccions SCT, 20 de maig de 2026",assignació normativa revisada per pàgina i taula,estructural
sct-19-0-5,RGC,Reglament general de circulació,CANVI DE SENTIT,Fer un canvi de sentit de la marxa antireglamentari. - No escollir el lloc adequat per fer la maniobra de manera que s’intercepti la via el menor temps possible - No advertir la maniobra amb els senyals preceptius amb prou antelació - Obstaculitzar la circulació dels altres usuaris de la via - Quedar-se a la calçada podent sortir per la dreta de manera que s’impedeix la marxa dels vehicles del darrere,78.1,G,200,100,0,,19,"Catàleg d’infraccions SCT, 20 de maig de 2026",assignació normativa revisada per pàgina i taula,estructural
sct-19-0-6,RGC,Reglament general de circulació,CANVI DE SENTIT,Efectuar el canvi de sentit de la marxa amb perill per als altres usuaris de la via (indicar el perill creat),78.1,G,200,100,3,,19,"Catàleg d’infraccions SCT, 20 de maig de 2026",assignació normativa revisada per pàgina i taula,estructural
sct-19-0-8,RGC,Reglament general de circulació,CANVI DE SENTIT,Efectuar un canvi de sentit de la marxa en un pas a nivell o en un tram de via afectat pel senyal de túnel,79.1,G,200,100,3,,19,"Catàleg d’infraccions SCT, 20 de maig de 2026",assignació normativa revisada per pàgina i taula,estructural
sct-19-0-9,RGC,Reglament general de circulació,CANVI DE SENTIT,Efectuar un canvi de sentit de la marxa en una autopista o una autovia en un lloc no habilitat per fer-ho,79.1,G,200,100,3,,19,"Catàleg d’infraccions SCT, 20 de maig de 2026",assignació normativa revisada per pàgina i taula,estructural
sct-19-0-10,RGC,Reglament general de circulació,CANVI DE SENTIT,Efectuar un canvi de sentit de la marxa en un tram de via on es prohibeix l’avançament,79.1,G,200,100,3,,19,"Catàleg d’infraccions SCT, 20 de maig de 2026",assignació normativa revisada per pàgina i taula,estructural
sct-19-0-12,RGC,Reglament general de circulació,CANVI DE SENTIT,"Circular cap enrere sense causa justificada Es permet circular marxa enrere quan no és possible circular cap endavant ni canviar de direcció o sentit de marxa, i en les maniobres complementàries d’una altra que l’exigeixi",80.1,G,200,100,0,,19,"Catàleg d’infraccions SCT, 20 de maig de 2026",assignació normativa revisada per pàgina i taula,estructural
sct-19-0-13,RGC,Reglament general de circulació,CANVI DE SENTIT,Circular cap enrere durant un recorregut superior a 15 metres per efectuar la maniobra de la qual és complementària,80.2,G,200,100,0,,19,"Catàleg d’infraccions SCT, 20 de maig de 2026",assignació normativa revisada per pàgina i taula,estructural
sct-19-0-14,RGC,Reglament general de circulació,CANVI DE SENTIT,Circular cap enrere de manera que s’envaeix una cruïlla de vies per efectuar la maniobra de la qual és complementària,80.2,G,200,100,0,,19,"Catàleg d’infraccions SCT, 20 de maig de 2026",assignació normativa revisada per pàgina i taula,estructural
sct-19-0-15,RGC,Reglament general de circulació,CANVI DE SENTIT,Circular marxa enrere en una autopista o una autovia,80.3,G,200,100,4,,19,"Catàleg d’infraccions SCT, 20 de maig de 2026",assignació normativa revisada per pàgina i taula,estructural
sct-19-0-16,RGC,Reglament general de circulació,CANVI DE SENTIT,Circular cap enrere en un tram llarg de via de manera que constitueixi una circulació en sentit contrari al estipulat,80.4,MG,500,250,6,,19,"Catàleg d’infraccions SCT, 20 de maig de 2026",assignació normativa revisada per pàgina i taula,estructural
sct-19-0-18,RGC,Reglament general de circulació,CANVI DE SENTIT,Efectuar la maniobra de marxa enrere no reglamentàriament - No efectuar-la lentament - No advertir-la amb els senyals preceptius - No adoptar les precaucions necessàries per no causar perill,81.1,G,200,100,0,,19,"Catàleg d’infraccions SCT, 20 de maig de 2026",assignació normativa revisada per pàgina i taula,estructural
sct-19-0-19,RGC,Reglament general de circulació,CANVI DE SENTIT,"No desistir de la maniobra de marxa enrere o no efectuar-la amb la màxima precaució tan aviat com sent l’avís o s’adona de la proximitat d’un altre vehicle, persona, animal o exigència per seguretat",81.3,G,200,100,0,,19,"Catàleg d’infraccions SCT, 20 de maig de 2026",assignació normativa revisada per pàgina i taula,estructural
sct-19-0-22,RGC,Reglament general de circulació,AVANÇAMENT I CIRCULACIÓ PARAL·LELA,"Avançar a un vehicle per la dreta Hi ha determinades excepcions a aquesta regla: - quan el vehicle que es pretén avançar indica clarament el propòsit de canviar de direcció a l’esquerra - quan el vehicle que es pretén avançar indica clarament el propòsit de parar-se al costat esquerre - en vies amb circulació en ambdós sentits, als tramvies que marxen per la zona central - en poblats, en calçades amb almenys dos carrils reservats a la circulació en el mateix sentit de la marxa, sempre i quan el conductor que vol avançar per la dreta ho pugui fer sense perill per a la resta d’usuaris",82.1,G,200,100,0,,19,"Catàleg d’infraccions SCT, 20 de maig de 2026",assignació normativa revisada per pàgina i taula,estructural
sct-19-0-23,RGC,Reglament general de circulació,AVANÇAMENT I CIRCULACIÓ PARAL·LELA,Avançar un vehicle per la dreta sense que hi hagi prou espai per fer-ho o sense adoptar les màximes precaucions Únicament en el cas que l’avançament per la dreta estigui permès,82.2,G,200,100,0,,19,"Catàleg d’infraccions SCT, 20 de maig de 2026",assignació normativa revisada per pàgina i taula,estructural
sct-19-0-24,RGC,Reglament general de circulació,AVANÇAMENT I CIRCULACIÓ PARAL·LELA,"En poblat, avançar per la dreta en una calçada d’almenys dos carrils de circulació en el mateix sentit de la marxa, amb perill per a la resta d’usuaris (indicar el perill creat)",82.3,G,200,100,0,,19,"Catàleg d’infraccions SCT, 20 de maig de 2026",assignació normativa revisada per pàgina i taula,estructural
sct-20-0-0,RGC,Reglament general de circulació,AVANÇAMENT I CIRCULACIÓ PARAL·LELA,"Avançar en una calçada de varis carrils en el mateix sentit de la marxa i quedar-se en el carril utilitzat, entorpint a altres vehicles que circulen darrere a més velocitat",83.1,G,200,100,0,,20,"Catàleg d’infraccions SCT, 20 de maig de 2026",assignació normativa revisada per pàgina i taula,estructural
sct-20-0-1,RGC,Reglament general de circulació,AVANÇAMENT I CIRCULACIÓ PARAL·LELA,Avançar canviant de carril quan hi ha tanta densitat de circulació que els vehicles ocupen tota l’amplada de la calçada,83.2,G,200,100,0,,20,"Catàleg d’infraccions SCT, 20 de maig de 2026",assignació normativa revisada per pàgina i taula,estructural
sct-20-0-4,RGC,Reglament general de circulació,NORMES GENERALS DE L’AVANÇAMENT,Efectuar un avançament no reglamentari - No advertir-ho amb prou antelació - No tenir espai suficient per tornar al carril dret i posar en perill als vehicles avançats quan es presenta un vehicle en sentit contrari - Utilitzar el carril central quan està ocupat per vehicle que circula en sentit contrari,84.1,G,200,100,0,,20,"Catàleg d’infraccions SCT, 20 de maig de 2026",assignació normativa revisada per pàgina i taula,estructural
sct-20-0-5,RGC,Reglament general de circulació,NORMES GENERALS DE L’AVANÇAMENT,"Efectuar un avançament sense que al carril que pretén utilitzar per a la maniobra hi hagi prou espai lliure, amb perill de col·lisió per als que circulen en sentit contrari (indicar el perill creat)",84.1,G,200,100,4,,20,"Catàleg d’infraccions SCT, 20 de maig de 2026",assignació normativa revisada per pàgina i taula,estructural
sct-20-0-6,RGC,Reglament general de circulació,NORMES GENERALS DE L’AVANÇAMENT,Avançar sense tenir espai lliure en el carril que pretén utilitzar i destorba els que circulen en sentit contrari,84.1,G,200,100,4,,20,"Catàleg d’infraccions SCT, 20 de maig de 2026",assignació normativa revisada per pàgina i taula,estructural
sct-20-0-7,RGC,Reglament general de circulació,NORMES GENERALS DE L’AVANÇAMENT,Avançar quan el vehicle del davant ja ha indicat que vol avançar o quan el vehicle del davant està avançant de manera que s’envaeix el sentit contrari,84.2,G,200,100,0,,20,"Catàleg d’infraccions SCT, 20 de maig de 2026",assignació normativa revisada per pàgina i taula,estructural
sct-20-0-8,RGC,Reglament general de circulació,NORMES GENERALS DE L’AVANÇAMENT,Avançar quan el conductor que el segueix està avançant al seu vehicle o quan no es disposa de prou espai per tornar al mateix carril en acabar l’avançament,84.3,G,200,100,0,,20,"Catàleg d’infraccions SCT, 20 de maig de 2026",assignació normativa revisada per pàgina i taula,estructural
sct-20-0-10,RGC,Reglament general de circulació,NORMES GENERALS DE L’AVANÇAMENT,Avançar amb una velocitat que no és notòriament superior a la del vehicle avançat o sense deixar prou separació lateral,85.1,G,200,100,0,,20,"Catàleg d’infraccions SCT, 20 de maig de 2026",assignació normativa revisada per pàgina i taula,estructural
sct-20-0-11,RGC,Reglament general de circulació,NORMES GENERALS DE L’AVANÇAMENT,No tornar al mateix carril si una vegada iniciat l’avançament s’adona que no el pot fer amb seguretat,85.2,G,200,100,0,,20,"Catàleg d’infraccions SCT, 20 de maig de 2026",assignació normativa revisada per pàgina i taula,estructural
sct-20-0-12,RGC,Reglament general de circulació,NORMES GENERALS DE L’AVANÇAMENT,"Avançar sense ocupar de nou com més aviat millor i de manera gradual el seu carril, de manera que s’obliga els altres usuaris a modificar la seva trajectòria o velocitat",85.3,G,200,100,0,,20,"Catàleg d’infraccions SCT, 20 de maig de 2026",assignació normativa revisada per pàgina i taula,estructural
sct-20-0-13,RGC,Reglament general de circulació,NORMES GENERALS DE L’AVANÇAMENT,Avançar i ocupar de nou el mateix carril sense advertir-ho mitjançant els senyal preceptius,85.3,G,200,100,0,,20,"Catàleg d’infraccions SCT, 20 de maig de 2026",assignació normativa revisada per pàgina i taula,estructural
sct-20-0-14,RGC,Reglament general de circulació,NORMES GENERALS DE L’AVANÇAMENT,"Avançar, fora de poblat, a vianants, animals o vehicles de dues rodes o de tracció animal sense deixar una separació lateral d’1,50 metres com a mínim (indicar a qui s’avança)",85.4,G,200,100,0,,20,"Catàleg d’infraccions SCT, 20 de maig de 2026",assignació normativa revisada per pàgina i taula,estructural
sct-20-0-15,RGC,Reglament general de circulació,NORMES GENERALS DE L’AVANÇAMENT,Efectuar un avançament de manera que es posa en perill o s’entorpeix a ciclistes (indicar perill o molèsties causades),85.4,G,200,100,6,,20,"Catàleg d’infraccions SCT, 20 de maig de 2026",assignació normativa revisada per pàgina i taula,estructural
sct-20-0-16,RGC,Reglament general de circulació,NORMES GENERALS DE L’AVANÇAMENT,"Efectuar un avançament a ciclistes sense mantenir la distància de seguretat lateral de 1,5 metres",85.4,G,200,100,6,,20,"Catàleg d’infraccions SCT, 20 de maig de 2026",assignació normativa revisada per pàgina i taula,estructural
sct-20-0-17,RGC,Reglament general de circulació,NORMES GENERALS DE L’AVANÇAMENT,"Avançar, fora de poblat, el conductor d’un vehicle de dues rodes a un altre vehicle i deixar entre tots dos una separació inferior a 1,50 metres",85.5,G,200,100,0,,20,"Catàleg d’infraccions SCT, 20 de maig de 2026",assignació normativa revisada per pàgina i taula,estructural
sct-20-0-19,RGC,Reglament general de circulació,NORMES GENERALS DE L’AVANÇAMENT,"No situar-se tan a prop com pugui de la vora dreta de la calçada, el conductor d’un vehicle, en adonar-se que el vehicle que el segueix té el propòsit d’avançar",86.1,G,200,100,0,,20,"Catàleg d’infraccions SCT, 20 de maig de 2026",assignació normativa revisada per pàgina i taula,estructural
sct-20-0-20,RGC,Reglament general de circulació,NORMES GENERALS DE L’AVANÇAMENT,"Augmentar la velocitat o efectuar maniobres que impedeixen o dificulten l’avançament, el vehicle que serà avançat",86.2,G,200,100,0,,20,"Catàleg d’infraccions SCT, 20 de maig de 2026",assignació normativa revisada per pàgina i taula,estructural
sct-20-0-21,RGC,Reglament general de circulació,NORMES GENERALS DE L’AVANÇAMENT,"No disminuir la velocitat, el conductor del vehicle que està a punt de ser avançat, una vegada iniciada la maniobra d’avançament, en produir-se una situació de perill (indicar les circumstàncies que concorren)",86.2,G,200,100,0,,20,"Catàleg d’infraccions SCT, 20 de maig de 2026",assignació normativa revisada per pàgina i taula,estructural
sct-20-0-22,RGC,Reglament general de circulació,NORMES GENERALS DE L’AVANÇAMENT,No facilitar al vehicle que avança la tornada al seu carril quan dona mostres inequívoques de desistir de la maniobra,86.2,G,200,100,0,,20,"Catàleg d’infraccions SCT, 20 de maig de 2026",assignació normativa revisada per pàgina i taula,estructural
sct-20-0-23,RGC,Reglament general de circulació,NORMES GENERALS DE L’AVANÇAMENT,"No disminuir la velocitat ni apartar-se cap al voral, si és practicable, el conductor d’un vehicle reglamentàriament obligat a fer-ho, per facilitar l’avançament sense perill als altres vehicles que el segueixen Hi estan obligats els conductors de vehicles pesats, de grans dimensions, o de vehicles obligats a respectar un límit específic de velocitat",86.3,G,200,100,0,,20,"Catàleg d’infraccions SCT, 20 de maig de 2026",assignació normativa revisada per pàgina i taula,estructural
sct-20-0-26,RGC,Reglament general de circulació,MANIOBRES D’AVANÇAMENT QUE ATEMPTEN CONTRA LA SEGURETAT VIÀRIA,Avançar envaint el sentit contrari • en revolts o canvis de rasant de visibilitat reduïda • o en llocs o circumstàncies amb visibilitat insuficient per fer l’avançament o desistir-ne una vegada iniciada,87.1.a),G,200,100,4,,20,"Catàleg d’infraccions SCT, 20 de maig de 2026",assignació normativa revisada per pàgina i taula,estructural
sct-20-0-27,RGC,Reglament general de circulació,MANIOBRES D’AVANÇAMENT QUE ATEMPTEN CONTRA LA SEGURETAT VIÀRIA,Avançar darrere d’un vehicle que realitza la mateixa maniobra quan les dimensions del vehicle que l’efectua en primer lloc impedeixen la visibilitat de la part del davant de la via al conductor que el segueix,87.1.a),G,200,100,4,,20,"Catàleg d’infraccions SCT, 20 de maig de 2026",assignació normativa revisada per pàgina i taula,estructural
sct-20-0-28,RGC,Reglament general de circulació,MANIOBRES D’AVANÇAMENT QUE ATEMPTEN CONTRA LA SEGURETAT VIÀRIA,Avançar en un pas de vianants senyalitzat Excepte quan l’avançament a qualsevol vehicle es realitzi a una velocitat reduïda que permeti detenir-se a temps si sorgís perill d’atropellament,87.1.b),G,200,100,0,,20,"Catàleg d’infraccions SCT, 20 de maig de 2026",assignació normativa revisada per pàgina i taula,estructural
sct-21-0-1,RGC,Reglament general de circulació,MANIOBRES D’AVANÇAMENT QUE ATEMPTEN CONTRA LA SEGURETAT VIÀRIA,Avançar en una intersecció amb via per a ciclistes,87.1.b),G,200,100,0,,21,"Catàleg d’infraccions SCT, 20 de maig de 2026",assignació normativa revisada per pàgina i taula,estructural
sct-21-0-2,RGC,Reglament general de circulació,MANIOBRES D’AVANÇAMENT QUE ATEMPTEN CONTRA LA SEGURETAT VIÀRIA,Avançar en un pas a nivell o en les seves proximitats S’exceptuen d’aquesta prohibició els supòsits en què s’avanci a un vehicle de dues rodes que per les seves reduïdes dimensions no impedeixin la visibilitat lateral i s’adverteixi prèviament l’avançament,87.1.b),G,200,100,0,,21,"Catàleg d’infraccions SCT, 20 de maig de 2026",assignació normativa revisada per pàgina i taula,estructural
sct-21-0-3,RGC,Reglament general de circulació,MANIOBRES D’AVANÇAMENT QUE ATEMPTEN CONTRA LA SEGURETAT VIÀRIA,Avançar en una intersecció o en les seves proximitats S’exceptuen d’aquest supòsit: - quan es tracti d’una plaça de circulació giratòria o glorieta - quan l’avançament per la dreta estigui permès - quan sigui una calçada que té prioritat en la intersecció amb senyal expressa que ho indiqui - quan s’avanci a un vehicle de dues rodes,87.1.c),G,200,100,0,,21,"Catàleg d’infraccions SCT, 20 de maig de 2026",assignació normativa revisada per pàgina i taula,estructural
sct-21-0-4,RGC,Reglament general de circulació,MANIOBRES D’AVANÇAMENT QUE ATEMPTEN CONTRA LA SEGURETAT VIÀRIA,"Avançar en un túnel, en un pas inferior o en un tram de via afectat pel senyal de túnel en què únicament es disposa d’un carril pel sentit de circulació del vehicle que es pretén avançar",87.1.d),G,200,100,4,,21,"Catàleg d’infraccions SCT, 20 de maig de 2026",assignació normativa revisada per pàgina i taula,estructural
sct-21-0-7,RGC,Reglament general de circulació,SUPÒSITS EXCEPCIONALS D’OCUPACIÓ DEL SENTIT CONTRARI,Superar un vehicle immobilitzat per causes alienes al trànsit de manera que s’ocupa el carril esquerre de la calçada en un tram on està prohibit avançar i s’ocasiona perill (indicar el perill causat),88.1,G,200,100,0,,21,"Catàleg d’infraccions SCT, 20 de maig de 2026",assignació normativa revisada per pàgina i taula,estructural
sct-21-0-8,RGC,Reglament general de circulació,SUPÒSITS EXCEPCIONALS D’OCUPACIÓ DEL SENTIT CONTRARI,Superar un vehicle immobilitzat per necessitats del trànsit de manera que s’ocupa el carril esquerre de la calçada en un tram on està prohibit avançar,88.1,G,200,100,0,,21,"Catàleg d’infraccions SCT, 20 de maig de 2026",assignació normativa revisada per pàgina i taula,estructural
sct-21-0-9,RGC,Reglament general de circulació,SUPÒSITS EXCEPCIONALS D’OCUPACIÓ DEL SENTIT CONTRARI,"Avançar a una bicicleta, cicle, ciclomotor, vianant, animal o vehicle de tracció animal de manera que s’ocupa el carril esquerre de la calçada en un tram on està prohibit avançar posant-lo en perill (indicar el perill causat)",88.1,G,200,100,0,,21,"Catàleg d’infraccions SCT, 20 de maig de 2026",assignació normativa revisada per pàgina i taula,estructural
sct-21-0-10,RGC,Reglament general de circulació,SUPÒSITS EXCEPCIONALS D’OCUPACIÓ DEL SENTIT CONTRARI,Superar un obstacle de manera que s’ocupa el carril de sentit contrari de la marxa i es causa perill (indicar perill causat),89.1,G,200,100,0,,21,"Catàleg d’infraccions SCT, 20 de maig de 2026",assignació normativa revisada per pàgina i taula,estructural
sct-21-0-13,RGC,Reglament general de circulació,SUPÒSITS EXCEPCIONALS D’OCUPACIÓ DEL SENTIT CONTRARI,Parar o estacionar el vehicle dins de la calçada en una via interurbana,90.1,L,80,40,0,,21,"Catàleg d’infraccions SCT, 20 de maig de 2026",assignació normativa revisada per pàgina i taula,estructural
sct-21-0-14,RGC,Reglament general de circulació,SUPÒSITS EXCEPCIONALS D’OCUPACIÓ DEL SENTIT CONTRARI,Parar o estacionar el vehicle dins de la part transitable del voral en una via interurbana,90.1,L,80,40,0,,21,"Catàleg d’infraccions SCT, 20 de maig de 2026",assignació normativa revisada per pàgina i taula,estructural
sct-21-0-15,RGC,Reglament general de circulació,SUPÒSITS EXCEPCIONALS D’OCUPACIÓ DEL SENTIT CONTRARI,Parar o estacionar el vehicle al costat esquerre de la calçada en relació amb el sentit de la seva marxa en via urbana de doble sentit,90.2,L,80,40,0,,21,"Catàleg d’infraccions SCT, 20 de maig de 2026",assignació normativa revisada per pàgina i taula,estructural
sct-21-0-17,RGC,Reglament general de circulació,SUPÒSITS EXCEPCIONALS D’OCUPACIÓ DEL SENTIT CONTRARI,Parar o estacionar el vehicle obstaculitzant la circulació o constituint un risc als altres usuaris (indicar obstacle o perill creat),91.1,G,200,100,0,,21,"Catàleg d’infraccions SCT, 20 de maig de 2026",assignació normativa revisada per pàgina i taula,estructural
sct-21-0-19,RGC,Reglament general de circulació,SUPÒSITS EXCEPCIONALS D’OCUPACIÓ DEL SENTIT CONTRARI,Parar o estacionar el vehicle sense situar-lo paral·lelament a la vora de la calçada,92.1,L,80,40,0,,21,"Catàleg d’infraccions SCT, 20 de maig de 2026",assignació normativa revisada per pàgina i taula,estructural
sct-21-0-20,RGC,Reglament general de circulació,SUPÒSITS EXCEPCIONALS D’OCUPACIÓ DEL SENTIT CONTRARI,Parar o estacionar el vehicle de manera que no permet la millor utilització de l’espai disponible que queda,92.2,L,80,40,0,,21,"Catàleg d’infraccions SCT, 20 de maig de 2026",assignació normativa revisada per pàgina i taula,estructural
sct-21-0-21,RGC,Reglament general de circulació,SUPÒSITS EXCEPCIONALS D’OCUPACIÓ DEL SENTIT CONTRARI,"Abandonar el seu lloc, el conductor d’un vehicle, sense adoptar les mesures reglamentàries per evitar que el vehicle es posi en moviment Indicar algun dels següents supòsits: - no parar el motor i desconnectar el sistema d’engegada - no adoptar les precaucions necessàries per impedir el seu ús sense autorització - no deixar accionat el fre de mà - no deixar col·locada la primera velocitat en un pendent ascendent - no deixar col·locada la marxa enrere en un pendent descendent - no col·locar falques o recolzar una de les rodes directrius contra la vorera els vehicles de més de 3.500 kg MMA, autobusos o conjunts de vehicles, en els pendents",92.3,L,80,40,0,,21,"Catàleg d’infraccions SCT, 20 de maig de 2026",assignació normativa revisada per pàgina i taula,estructural
sct-22-0-1,RGC,Reglament general de circulació,SUPÒSITS EXCEPCIONALS D’OCUPACIÓ DEL SENTIT CONTRARI,Parar el vehicle al carril o a la part de la via reservats per a la circulació de determinats usuaris,94.1.c),L,100,50,0,,22,"Catàleg d’infraccions SCT, 20 de maig de 2026",assignació normativa revisada per pàgina i taula,estructural
sct-22-0-3,RGC,Reglament general de circulació,SUPÒSITS EXCEPCIONALS D’OCUPACIÓ DEL SENTIT CONTRARI,Estacionar el vehicle al carril o a la part de la via reservats per a la circulació de determinats usuaris,94.2.a),L,100,50,0,,22,"Catàleg d’infraccions SCT, 20 de maig de 2026",assignació normativa revisada per pàgina i taula,estructural
sct-22-0-4,RGC,Reglament general de circulació,SUPÒSITS EXCEPCIONALS D’OCUPACIÓ DEL SENTIT CONTRARI,"Estacionar el vehicle en un lloc habilitat per l’autoritat municipal com d’estacionament amb limitació horària, sense col·locar el distintiu que l’autoritza",94.2.b),L,80,40,0,,22,"Catàleg d’infraccions SCT, 20 de maig de 2026",assignació normativa revisada per pàgina i taula,estructural
sct-22-0-5,RGC,Reglament general de circulació,SUPÒSITS EXCEPCIONALS D’OCUPACIÓ DEL SENTIT CONTRARI,Mantenir estacionat el vehicle en un lloc habilitat per l’autoritat municipal com d’estacionament amb limitació horària excedint el temps màxim permès per l’Ordenança Municipal,94.2.b),L,80,40,0,,22,"Catàleg d’infraccions SCT, 20 de maig de 2026",assignació normativa revisada per pàgina i taula,estructural
sct-22-0-6,RGC,Reglament general de circulació,SUPÒSITS EXCEPCIONALS D’OCUPACIÓ DEL SENTIT CONTRARI,Estacionar el vehicle en una zona senyalitzada per càrrega i descàrrega,94.2.c),L,80,40,0,,22,"Catàleg d’infraccions SCT, 20 de maig de 2026",assignació normativa revisada per pàgina i taula,estructural
sct-22-0-9,RGC,Reglament general de circulació,"CRUÏLLA DE PASSOS A NIVELL, PONTS MÒBILS I TÚNELS","Travessar un pas a nivell tancat o un pont mòbil, o amb la barrera o semi barrera en moviment",95.2,G,200,100,0,,22,"Catàleg d’infraccions SCT, 20 de maig de 2026",assignació normativa revisada per pàgina i taula,estructural
sct-22-0-10,RGC,Reglament general de circulació,"CRUÏLLA DE PASSOS A NIVELL, PONTS MÒBILS I TÚNELS",No detenir-se darrere el vehicle que el precedeix al carril corresponent fins a tenir el pas lliure en arribar a un pas a nivell o a un pont mòbil que es trobi tancat o amb la barrera o semi barrera en moviment,95.2,G,200,100,0,,22,"Catàleg d’infraccions SCT, 20 de maig de 2026",assignació normativa revisada per pàgina i taula,estructural
sct-22-0-11,RGC,Reglament general de circulació,"CRUÏLLA DE PASSOS A NIVELL, PONTS MÒBILS I TÚNELS","Circular dins d’un túnel o d’un pas inferior sense mantenir la distància de seguretat reglamentària amb el vehicle que el precedeix Quan no es pretengui avançar la distància de seguretat ha de ser d’almenys 100 metres o un interval mínim de 4 segons. En el cas de vehicles de MMA superior a 3.500 kg, la distància de seguretat que han de guardar amb el vehicle precedent ha de ser d’almenys 150 metres o un interval mínim de 6 segons",95.6,G,200,100,0,,22,"Catàleg d’infraccions SCT, 20 de maig de 2026",assignació normativa revisada per pàgina i taula,estructural
sct-22-0-13,RGC,Reglament general de circulació,"CRUÏLLA DE PASSOS A NIVELL, PONTS MÒBILS I TÚNELS","Entrar en un pas a nivell quan les barreres o semi barreres tanquen la via o ja estan en moviment, o quan els semàfors impedeixen el pas",96.1,G,200,100,0,,22,"Catàleg d’infraccions SCT, 20 de maig de 2026",assignació normativa revisada per pàgina i taula,estructural
sct-22-0-14,RGC,Reglament general de circulació,"CRUÏLLA DE PASSOS A NIVELL, PONTS MÒBILS I TÚNELS",Entrar en un pas a nivell quan s’acosta un vehicle que circula pels rails,96.2,G,200,100,0,,22,"Catàleg d’infraccions SCT, 20 de maig de 2026",assignació normativa revisada per pàgina i taula,estructural
sct-23-0-0,RGC,Reglament general de circulació,"CRUÏLLA DE PASSOS A NIVELL, PONTS MÒBILS I TÚNELS",Entrar en un túnel o en un pas inferior quan els semàfors impedeixen el pas,96.3,G,200,100,0,,23,"Catàleg d’infraccions SCT, 20 de maig de 2026",assignació normativa revisada per pàgina i taula,estructural
sct-23-0-2,RGC,Reglament general de circulació,"CRUÏLLA DE PASSOS A NIVELL, PONTS MÒBILS I TÚNELS","No adoptar, el conductor d’un vehicle detingut en un pas a nivell per raons de força major, les mesures adequades per desallotjar-ne ràpidament els ocupants o per advertir a la resta d’usuaris que s’aproximen de l’existència del vehicle detingut",97.1,L,80,40,0,,23,"Catàleg d’infraccions SCT, 20 de maig de 2026",assignació normativa revisada per pàgina i taula,estructural
sct-23-0-3,RGC,Reglament general de circulació,"CRUÏLLA DE PASSOS A NIVELL, PONTS MÒBILS I TÚNELS","No adoptar, el conductor d’un vehicle, quan es produeix la caiguda de càrrega dintre d’un pas a nivell, les mesures adequades per deixar el pas lliure en el mínim temps possible o per advertir a la resta d’usuaris que s’aproximen de l’existència de caiguda de càrrega",97.1,L,80,40,0,,23,"Catàleg d’infraccions SCT, 20 de maig de 2026",assignació normativa revisada per pàgina i taula,estructural
sct-23-0-4,RGC,Reglament general de circulació,"CRUÏLLA DE PASSOS A NIVELL, PONTS MÒBILS I TÚNELS","No adoptar, el conductor d’un vehicle detingut en un pont mòbil per raons de força major, les mesures adequades per desallotjar-ne ràpidament els ocupants o per advertir a la resta d’usuaris que s’aproximen de l’existència del vehicle detingut",97.2,L,80,40,0,,23,"Catàleg d’infraccions SCT, 20 de maig de 2026",assignació normativa revisada per pàgina i taula,estructural
sct-23-0-5,RGC,Reglament general de circulació,"CRUÏLLA DE PASSOS A NIVELL, PONTS MÒBILS I TÚNELS","No adoptar, el conductor d’un vehicle, quan es produeix la caiguda de càrrega dintre d’un pont mòbil, les mesures adequades per deixar el pas lliure en el mínim temps possible o per advertir a la resta d’usuaris que s’aproximen de l’existència de caiguda de càrrega",97.2,L,80,40,0,,23,"Catàleg d’infraccions SCT, 20 de maig de 2026",assignació normativa revisada per pàgina i taula,estructural
sct-23-0-6,RGC,Reglament general de circulació,"CRUÏLLA DE PASSOS A NIVELL, PONTS MÒBILS I TÚNELS","No apagar el motor o no connectar el senyal d’emergència o no mantenir encesos els llums de posició, el conductor d’un vehicle immobilitzat dins un túnel o un pas inferior per motius d’emergència",97.3.a),L,80,40,0,,23,"Catàleg d’infraccions SCT, 20 de maig de 2026",assignació normativa revisada per pàgina i taula,estructural
sct-23-0-7,RGC,Reglament general de circulació,"CRUÏLLA DE PASSOS A NIVELL, PONTS MÒBILS I TÚNELS","No situar el vehicle, el conductor d’un vehicle immobilitzat dins un túnel o un pas inferior per motius d’emergència, cap a la zona reservada per a emergència quan és possible o al més a prop possible del costat dret de la calçada",97.3.b),L,80,40,0,,23,"Catàleg d’infraccions SCT, 20 de maig de 2026",assignació normativa revisada per pàgina i taula,estructural
sct-23-0-8,RGC,Reglament general de circulació,"CRUÏLLA DE PASSOS A NIVELL, PONTS MÒBILS I TÚNELS","No col·locar els dispositius de pressenyalització de perill, el conductor d’un vehicle immobilitzat dins un túnel o un pas inferior per motius d’emergència",97.3.c),L,80,40,0,,23,"Catàleg d’infraccions SCT, 20 de maig de 2026",assignació normativa revisada per pàgina i taula,estructural
sct-23-0-9,RGC,Reglament general de circulació,"CRUÏLLA DE PASSOS A NIVELL, PONTS MÒBILS I TÚNELS","No sortir d’un túnel o d’un pas inferior o no immobilitzar el vehicle a la zona reservada per a emergència, el conductor d’un vehicle avariat, quan l’avaria permet continuar la marxa del vehicle",97.3.f),L,80,40,0,,23,"Catàleg d’infraccions SCT, 20 de maig de 2026",assignació normativa revisada per pàgina i taula,estructural
sct-23-0-10,RGC,Reglament general de circulació,"CRUÏLLA DE PASSOS A NIVELL, PONTS MÒBILS I TÚNELS","No situar el vehicle al més a la dreta possible obstruint el pas al vehicles d’emergència o no apagar el motor o no deixar les claus del vehicle posades i les portes obertes, el conductor d’un vehicle immobilitzat dins un túnel o un pas inferior on s’hi produeix un incendi.",97.3,L,80,40,0,,23,"Catàleg d’infraccions SCT, 20 de maig de 2026",assignació normativa revisada per pàgina i taula,estructural
sct-23-0-11,RGC,Reglament general de circulació,"CRUÏLLA DE PASSOS A NIVELL, PONTS MÒBILS I TÚNELS","No connectar el senyal d’emergència o no mantenir encesos els llums de posició o no apagar el motor, el conductor d’un vehicle immobilitzat dins un túnel o un pas inferior per necessitats de la circulació",97.3,L,80,40,0,,23,"Catàleg d’infraccions SCT, 20 de maig de 2026",assignació normativa revisada per pàgina i taula,estructural
sct-23-0-14,RGC,Reglament general de circulació,UTILITZACIÓ DE L’ENLLUMENAT: ÚS OBLIGATORI,"No utilitzar, el conductor d’una bicicleta que circula per una via interurbana una peça reflectant estant-hi obligat. Està obligat quan circula; - entre el vespre i l’alba - quan les condicions meteorològiques o ambientals disminueixen sensiblement la visibilitat - per un túnel o pas inferior - per un tram de via afectat pel senyal de túnel NOTA: pel que fa als elements reflectants dels quals han d’estar dotades les bicicletes veure article 22.4 RGV",98.3,L,80,40,0,,23,"Catàleg d’infraccions SCT, 20 de maig de 2026",assignació normativa revisada per pàgina i taula,estructural
sct-23-0-16,RGC,Reglament general de circulació,UTILITZACIÓ DE L’ENLLUMENAT: ÚS OBLIGATORI,Circular amb els llums de posició apagats estant-hi obligat. S’està obligat quan es circula; - entre el vespre i l’alba - quan les condicions meteorològiques o ambientals disminueixen sensiblement la visibilitat - per un túnel o pas inferior - per un tram de via afectat pel senyal de túnel,99.1,G,200,100,0,,23,"Catàleg d’infraccions SCT, 20 de maig de 2026",assignació normativa revisada per pàgina i taula,estructural
sct-23-0-17,RGC,Reglament general de circulació,UTILITZACIÓ DE L’ENLLUMENAT: ÚS OBLIGATORI,"Circular amb els llums de gàlib apagats, un vehicle d’amplada superior a 2,10 metres quan està obligat. Està obligat quan circula; - entre el vespre i l’alba - quan les condicions meteorològiques o ambientals disminueixen sensiblement la visibilitat - per un túnel o pas inferior - per un tram de via afectat pel senyal de túnel",99.1,G,200,100,0,,23,"Catàleg d’infraccions SCT, 20 de maig de 2026",assignació normativa revisada per pàgina i taula,estructural
sct-23-0-19,RGC,Reglament general de circulació,UTILITZACIÓ DE L’ENLLUMENAT: ÚS OBLIGATORI,"Circular amb els llums de llarg abast o de carretera apagats, un vehicle que circula a més de 40 km/h quan està obligat. Està obligat quan circula; - entre el vespre i l’alba, fora de poblat per una via insuficientment il·luminada - per un túnel o pas inferior insuficientment il·luminat - per un tram de via afectat pel senyal de túnel insuficientment il·luminat",100.1,G,200,100,0,,23,"Catàleg d’infraccions SCT, 20 de maig de 2026",assignació normativa revisada per pàgina i taula,estructural
sct-24-0-1,RGC,Reglament general de circulació,UTILITZACIÓ DE L’ENLLUMENAT: ÚS OBLIGATORI,Utilitzar els llums de carretera quan el vehicle està parat o estacionat,100.2,G,200,100,0,,24,"Catàleg d’infraccions SCT, 20 de maig de 2026",assignació normativa revisada per pàgina i taula,estructural
sct-24-0-2,RGC,Reglament general de circulació,UTILITZACIÓ DE L’ENLLUMENAT: ÚS OBLIGATORI,Utilitzar alternativament els llums de carretera i els d’encreuament (centelleigs) amb finalitats diferents a les previstes reglamentàriament,100.2,G,200,100,0,,24,"Catàleg d’infraccions SCT, 20 de maig de 2026",assignació normativa revisada per pàgina i taula,estructural
sct-24-0-4,RGC,Reglament general de circulació,UTILITZACIÓ DE L’ENLLUMENAT: ÚS OBLIGATORI,"Circular amb els llums de curt abast o d’encreuament apagats quan s’està obligat. S’està obligat quan circula; - entre el vespre i l’alba per vies urbanes o interurbanes suficientment il·luminades - per un túnel o pas inferior suficientment il·luminat - per un tram de via afectat pel senyal de túnel suficientment il·luminat - entre el vespre i l’alba, en poblat, per via insuficientment il·luminada",101.1,G,200,100,0,,24,"Catàleg d’infraccions SCT, 20 de maig de 2026",assignació normativa revisada per pàgina i taula,estructural
sct-24-0-5,RGC,Reglament general de circulació,UTILITZACIÓ DE L’ENLLUMENAT: ÚS OBLIGATORI,"Circular amb els llums de curt abast o d’encreuament apagats quan s’està obligat. S’està obligat quan; - no disposa dels llums de carretera i circula entre el vespre i l’alba per via interurbana insuficientment il·luminada - no disposa dels llums de carretera i circula per un túnel o pas inferior insuficientment il·luminat - no disposa dels llums de carretera i circula per tram de via afectat pel senyal de túnel insuficientment il·luminat - circula a menys de 40 km/h, entre el vespre i l’alba, i no utilitza els llums de carretera - circula a menys de 40 km/h, per un túnel o pas inferior insuficientment il·luminat i no utilitza els llums de carretera - circula a menys de 40 km/h, per un tram de via afectat pel senyal de túnel insuficientment il·luminat i no utilitza els llums de carretera",101.2,G,200,100,0,,24,"Catàleg d’infraccions SCT, 20 de maig de 2026",assignació normativa revisada per pàgina i taula,estructural
sct-24-0-7,RGC,Reglament general de circulació,UTILITZACIÓ DE L’ENLLUMENAT: ÚS OBLIGATORI,No substituir els llums de carretera pels d’encreuament i enlluernar als usuaris que circulen en sentit contrari,102.1,G,200,100,0,,24,"Catàleg d’infraccions SCT, 20 de maig de 2026",assignació normativa revisada per pàgina i taula,estructural
sct-24-0-8,RGC,Reglament general de circulació,UTILITZACIÓ DE L’ENLLUMENAT: ÚS OBLIGATORI,No substituir els llums de carretera pels d’encreuament quan es circula darrere d’un altre vehicle i enlluernar al seu conductor pel mirall retrovisor,102.2,G,200,100,0,,24,"Catàleg d’infraccions SCT, 20 de maig de 2026",assignació normativa revisada per pàgina i taula,estructural
sct-24-0-10,RGC,Reglament general de circulació,UTILITZACIÓ DE L’ENLLUMENAT: ÚS OBLIGATORI,No portar il·luminada la placa posterior de matrícula quan s’està obligat. S’està obligat quan es circula; - entre el vespre i l’alba - per un túnel o pas inferior - per un tram de via afectat pel senyal de túnel - amb condicions meteorològiques o ambientals disminueixen sensiblement la visibilitat,103,G,200,100,0,,24,"Catàleg d’infraccions SCT, 20 de maig de 2026",assignació normativa revisada per pàgina i taula,estructural
sct-24-0-12,RGC,Reglament general de circulació,UTILITZACIÓ DE L’ENLLUMENAT: ÚS OBLIGATORI,Circular amb una motocicleta amb els llums d’encreuament apagats,104,G,200,100,0,,24,"Catàleg d’infraccions SCT, 20 de maig de 2026",assignació normativa revisada per pàgina i taula,estructural
sct-24-0-13,RGC,Reglament general de circulació,UTILITZACIÓ DE L’ENLLUMENAT: ÚS OBLIGATORI,"Circular per un carril reversible, addicional circumstancial o carril habilitat per a circular en sentit contrari a l’habitual amb els llums d’encreuament apagats",104,G,200,100,0,,24,"Catàleg d’infraccions SCT, 20 de maig de 2026",assignació normativa revisada per pàgina i taula,estructural
sct-24-0-15,RGC,Reglament general de circulació,UTILITZACIÓ DE L’ENLLUMENAT: ÚS OBLIGATORI,"Tenir els llums de posició apagats, un vehicle immobilitzat a la calçada o en el voral d’una via interurbana entre el vespre i l’alba o quan hi ha condicions meteorològiques o ambientals que fan disminuir sensiblement la visibilitat",105.1,G,200,100,0,,24,"Catàleg d’infraccions SCT, 20 de maig de 2026",assignació normativa revisada per pàgina i taula,estructural
sct-24-0-16,RGC,Reglament general de circulació,UTILITZACIÓ DE L’ENLLUMENAT: ÚS OBLIGATORI,"Tenir els llums de gàlib apagats, un vehicle d’amplada superior a 2,10 metres immobilitzat a la calçada o en el voral d’una via interurbana entre el vespre i l’alba o quan hi ha condicions meteorològiques o ambientals que fan disminuir sensiblement la visibilitat",105.1,G,200,100,0,,24,"Catàleg d’infraccions SCT, 20 de maig de 2026",assignació normativa revisada per pàgina i taula,estructural
sct-24-0-17,RGC,Reglament general de circulació,UTILITZACIÓ DE L’ENLLUMENAT: ÚS OBLIGATORI,"Tenir els llums de posició apagats, un vehicle parat o estacionat entre el vespre i l’alba a la calçada o en el voral d’una travessera insuficientment il·luminada L’enllumenat de posició es pot substituir pel d’estacionament o pels dos llums de posició del costat corresponent a la calçada quan es trobi estacionat en línia",105.2,G,200,100,0,,24,"Catàleg d’infraccions SCT, 20 de maig de 2026",assignació normativa revisada per pàgina i taula,estructural
sct-24-0-18,RGC,Reglament general de circulació,UTILITZACIÓ DE L’ENLLUMENAT: ÚS OBLIGATORI,"Tenir els llums de posició apagats, un vehicle estacionat entre el vespre i l’alba a la calçada o en el voral d’un via urbana insuficientment il·luminada",105.3,G,200,100,0,,24,"Catàleg d’infraccions SCT, 20 de maig de 2026",assignació normativa revisada per pàgina i taula,estructural
sct-24-0-21,RGC,Reglament general de circulació,SUPÒSITS ESPECIALS D’ENLLUMENAT,No utilitzar els llums de boira de davant o els llums de curt o llarg abast quan hi ha condicions meteorològiques o ambientals que disminueixen sensiblement la visibilitat (indicar les condicions existents),106.2,G,200,100,0,,24,"Catàleg d’infraccions SCT, 20 de maig de 2026",assignació normativa revisada per pàgina i taula,estructural
sct-24-0-22,RGC,Reglament general de circulació,SUPÒSITS ESPECIALS D’ENLLUMENAT,"Utilitzar els llums de boira de davant sense una causa que ho justifiqui Cal tenir en compte que els llums de boira davanters, a més de l’existència de condicions meteorològiques o ambientals que disminueixen la visibilitat, es poden utilitzar també en casos de vies estretes (calçada de fins a 6,50 metres d’amplada) senyalitzades amb senyals que indiquin una successió de corbes pròximes entre si",106.2,G,200,100,0,,24,"Catàleg d’infraccions SCT, 20 de maig de 2026",assignació normativa revisada per pàgina i taula,estructural
sct-25-0-1,RGC,Reglament general de circulació,SUPÒSITS ESPECIALS D’ENLLUMENAT,Utilitzar els llums de boira posteriors sense que existeixin condicions meteorològiques o ambientals especialment desfavorables,106.2,G,200,100,0,,25,"Catàleg d’infraccions SCT, 20 de maig de 2026",assignació normativa revisada per pàgina i taula,estructural
sct-25-0-2,RGC,Reglament general de circulació,SUPÒSITS ESPECIALS D’ENLLUMENAT,"Utilitzar els llums de boira posteriors sense que existeixin condicions meteorològiques o ambientals especialment desfavorables, de manera que s’enlluerni a la resta d’usuaris",106.2,G,200,100,0,,25,"Catàleg d’infraccions SCT, 20 de maig de 2026",assignació normativa revisada per pàgina i taula,estructural
sct-25-0-5,RGC,Reglament general de circulació,ADVERTÈNCIES DELS CONDUCTORS: NORMES GENERALS,"No avisar, el conductor d’un vehicle, utilitzant la senyalització lluminosa, o si no en té, amb el braç, a la resta d’usuaris de la via, de la maniobra que està a punt d’efectuar",108.1,G,200,100,0,,25,"Catàleg d’infraccions SCT, 20 de maig de 2026",assignació normativa revisada per pàgina i taula,estructural
sct-25-0-7,RGC,Reglament general de circulació,ADVERTÈNCIES DELS CONDUCTORS: NORMES GENERALS,No senyalitzar amb antelació suficient la realització d’una maniobra,109.1,L,80,40,0,,25,"Catàleg d’infraccions SCT, 20 de maig de 2026",assignació normativa revisada per pàgina i taula,estructural
sct-25-0-8,RGC,Reglament general de circulació,ADVERTÈNCIES DELS CONDUCTORS: NORMES GENERALS,Mantenir l’advertència lluminosa després de finalitzar la maniobra,109.1,L,80,40,0,,25,"Catàleg d’infraccions SCT, 20 de maig de 2026",assignació normativa revisada per pàgina i taula,estructural
sct-25-0-9,RGC,Reglament general de circulació,ADVERTÈNCIES DELS CONDUCTORS: NORMES GENERALS,No senyalitzar amb l’enllumenat d’emergència la presència d’un vehicle immobilitzat en una autopista o autovia o quan hi ha condicions que disminueixin sensiblement la visibilitat,109.2,L,80,40,0,,25,"Catàleg d’infraccions SCT, 20 de maig de 2026",assignació normativa revisada per pàgina i taula,estructural
sct-25-0-10,RGC,Reglament general de circulació,ADVERTÈNCIES DELS CONDUCTORS: NORMES GENERALS,Immobilitzar o frenar considerablement el vehicle de forma injustificada sense senyalitzar la maniobra a la resta dels usuaris,109.2,G,200,100,0,,25,"Catàleg d’infraccions SCT, 20 de maig de 2026",assignació normativa revisada per pàgina i taula,estructural
sct-25-0-12,RGC,Reglament general de circulació,ADVERTÈNCIES DELS CONDUCTORS: NORMES GENERALS,"Utilitzar els senyals acústics sense motiu Únicament es poden fer pels conductors de vehicles no prioritaris: - per evitar un accident i, especialment, en vies estretes amb moltes corbes - per advertir, fora de poblat, la intenció d’avançar un altre vehicle - per advertir de la seva presència quan circuli en servei d’urgència",110.1,L,80,40,0,,25,"Catàleg d’infraccions SCT, 20 de maig de 2026",assignació normativa revisada per pàgina i taula,estructural
sct-25-0-14,RGC,Reglament general de circulació,ADVERTÈNCIES DELS CONDUCTORS: NORMES GENERALS,"No avisar de la seva presència amb el senyal lluminós especial ni amb els llums específicament determinats per a aquest vehicle, el conductor d’un vehicle d’obres o serveis, d’un tractor o maquinària agrícola o d’un vehicle o transport especial NOTA: Es denunciaran per l’art. 113 quan aquests tipus de vehicles no utilitzin cap senyal lluminós. Es tipificaran per l’art. 71 quan no s’utilitzi el senyal lluminós especial",113,G,200,100,0,,25,"Catàleg d’infraccions SCT, 20 de maig de 2026",assignació normativa revisada per pàgina i taula,estructural
sct-25-0-17,RGC,Reglament general de circulació,ALTRES NORMES DE CIRCULACIÓ,Circular amb les portes del vehicle obertes,114.1,L,80,40,0,,25,"Catàleg d’infraccions SCT, 20 de maig de 2026",assignació normativa revisada per pàgina i taula,estructural
sct-25-0-18,RGC,Reglament general de circulació,ALTRES NORMES DE CIRCULACIÓ,Obrir les portes del vehicle abans de la seva completa immobilització o amb perill per a altres usuaris (indicar perill),114.1,L,80,40,0,,25,"Catàleg d’infraccions SCT, 20 de maig de 2026",assignació normativa revisada per pàgina i taula,estructural
sct-25-0-19,RGC,Reglament general de circulació,ALTRES NORMES DE CIRCULACIÓ,Baixar del vehicle amb perill per a altres usuaris (indicar perill),114.1,L,80,40,0,,25,"Catàleg d’infraccions SCT, 20 de maig de 2026",assignació normativa revisada per pàgina i taula,estructural
sct-25-0-20,RGC,Reglament general de circulació,ALTRES NORMES DE CIRCULACIÓ,Entrar o sortir del vehicle sense que aquest es trobi parat,114.2,L,80,40,0,,25,"Catàleg d’infraccions SCT, 20 de maig de 2026",assignació normativa revisada per pàgina i taula,estructural
sct-25-0-22,RGC,Reglament general de circulació,ALTRES NORMES DE CIRCULACIÓ,Quedar-se detingut en un túnel o en un lloc tancat durant més de dos minuts i no aturar el motor,115.2,L,80,40,0,,25,"Catàleg d’infraccions SCT, 20 de maig de 2026",assignació normativa revisada per pàgina i taula,estructural
sct-25-0-23,RGC,Reglament general de circulació,ALTRES NORMES DE CIRCULACIÓ,No aturar el motor del vehicle durant la càrrega de combustible,115.3,L,80,40,0,,25,"Catàleg d’infraccions SCT, 20 de maig de 2026",assignació normativa revisada per pàgina i taula,estructural
sct-25-0-24,RGC,Reglament general de circulació,ALTRES NORMES DE CIRCULACIÓ,Facilitar combustible per carregar el dipòsit d’un vehicle que no té el motor aturat o que té els llums encesos,115.3,L,80,40,0,,25,"Catàleg d’infraccions SCT, 20 de maig de 2026",assignació normativa revisada per pàgina i taula,estructural
sct-25-0-25,RGC,Reglament general de circulació,ALTRES NORMES DE CIRCULACIÓ,No apagar la ràdio del vehicle o el telèfon mòbil durant la càrrega de combustible del vehicle,115.4,L,80,40,0,,25,"Catàleg d’infraccions SCT, 20 de maig de 2026",assignació normativa revisada per pàgina i taula,estructural
sct-25-0-28,RGC,Reglament general de circulació,"CINTURÓ, CASC I ALTRES ELEMENTS DE SEGURETAT","No utilitzar, o utilitzar inadequadament , la persona denunciada, el cinturó de seguretat. (indicar de qui es tracta) Estan obligats a portar cinturó de seguretat el conductor i els ocupants de vehicles quan circulin per vies urbanes i/o interurbanes. Només s’exigirà l’ús del cinturó de seguretat en els vehicles que els tinguin instal·lats. *Només es detrauran punts si l’infractor és el conductor",117.1,G,200,100,4*,,25,"Catàleg d’infraccions SCT, 20 de maig de 2026",assignació normativa revisada per pàgina i taula,estructural
sct-25-0-29,RGC,Reglament general de circulació,"CINTURÓ, CASC I ALTRES ELEMENTS DE SEGURETAT",Incomplir l'obligació d'informar als passatgers sobre l'ús del cinturó de seguretat o sistema de retenció homologat en els vehicles destinats al transport de passatgers de més de nou places,117.2,L,80,40,0,,25,"Catàleg d’infraccions SCT, 20 de maig de 2026",assignació normativa revisada per pàgina i taula,estructural
sct-25-0-30,RGC,Reglament general de circulació,"CINTURÓ, CASC I ALTRES ELEMENTS DE SEGURETAT","Circular un passatger de 3 o més anys sense utilitzar un sistema de subjecció homologat o, en el seu defecte, sense utilitzar els cinturons de seguretat del vehicle. (vehicles de transports de passatgers de més de nou places)",117.2,G,200,100,0,,25,"Catàleg d’infraccions SCT, 20 de maig de 2026",assignació normativa revisada per pàgina i taula,estructural
sct-26-0-0,RGC,Reglament general de circulació,"CINTURÓ, CASC I ALTRES ELEMENTS DE SEGURETAT","Circular amb un menor d'edat d'alçada igual o inferior a 135 cm en el seient posterior sense utilitzar, o utilitzant inadequadament un sistema de subjecció homologat. El responsable del no ús del sistema de subjecció homologat del menor d’edat en vehicles de menys de nou places és el conductor del vehicle. *Només detrauran punts quan es tracti d’un SRI.",117.3,G,200,100,4,,26,"Catàleg d’infraccions SCT, 20 de maig de 2026",assignació normativa revisada per pàgina i taula,estructural
sct-26-0-1,RGC,Reglament general de circulació,"CINTURÓ, CASC I ALTRES ELEMENTS DE SEGURETAT","Circular amb un menor d'edat d'alçada igual o inferior a 135 cm en el seient davanter del vehicle quan està prohibit fer-ho Excepcionalment els menors poden ocupar els seients davanters, sempre que utilitzin sistemes de retenció infantil homologats, quan el vehicle no disposi de seients posteriors; quan els seients posteriors estiguin ocupats per menors i quan no sigui possible instal·lar en els seients posteriors tots els sistemes de retenció infantil.",117.3,G,200,100,0,,26,"Catàleg d’infraccions SCT, 20 de maig de 2026",assignació normativa revisada per pàgina i taula,estructural
sct-26-0-2,RGC,Reglament general de circulació,"CINTURÓ, CASC I ALTRES ELEMENTS DE SEGURETAT","Circular amb un menor d'edat d'alçada igual o inferior a 135 cm en el seient davanter sense utilitzar, o utilitzant inadequadament un sistema de subjecció homologat. El responsable del no ús del sistema de subjecció homologat del menor d’edat en vehicles de menys de nou places és el conductor del vehicle. *Només detrauran punts quan es tracti d’un SRI.",117.3,G,200,100,4,,26,"Catàleg d’infraccions SCT, 20 de maig de 2026",assignació normativa revisada per pàgina i taula,estructural
sct-26-0-3,RGC,Reglament general de circulació,"CINTURÓ, CASC I ALTRES ELEMENTS DE SEGURETAT","No tenir instal·lats en el vehicle els cinturons de seguretat Per als vehicles respecte dels quals és obligatori l’ús del cinturó de seguretat, aquesta obligació únicament és exigible si s’han matriculat a partir del 15-6-92. Quan a vehicles de transport de passatgers de més de 8 places (exclòs el conductor) i vehicles de transport de mercaderies de més de 3.500 kg de MMA és exigible si s’han matriculat a partir del 20-10-2007. Els matriculats amb anterioritat a aquesta data no és obligatori, però els passatgers estan obligats a utilitzar els cinturons si el vehicle els porta instal·lats",117.5,MG,500,250,0,,26,"Catàleg d’infraccions SCT, 20 de maig de 2026",assignació normativa revisada per pàgina i taula,estructural
sct-26-0-5,RGC,Reglament general de circulació,"CINTURÓ, CASC I ALTRES ELEMENTS DE SEGURETAT","No utilitzar, o utilitzar inadequadament, la persona denunciada, el casc de protecció homologat. (indicar de qui es tracta) Estan obligats a utilitzar un casc de protecció els conductors i passatgers de motocicletes amb o sense sidecar, de vehicles de tres rodes i quadricicles, de ciclomotors i de “quads”. Quan les motocicletes, els vehicles de tres rodes o els quadricicles i els ciclomotors tinguin estructures d’autoprotecció i estiguin dotats de cinturons de seguretat, i així consti en la targeta d’inspecció tècnica o en el certificat de característiques, queden exempts d’utilitzar el casc i estan obligats a utilitzar el cinturó de seguretat.",118.1,G,200,100,4,,26,"Catàleg d’infraccions SCT, 20 de maig de 2026",assignació normativa revisada per pàgina i taula,estructural
sct-26-0-6,RGC,Reglament general de circulació,"CINTURÓ, CASC I ALTRES ELEMENTS DE SEGURETAT","No utilitzar, el conductor o el passatger d’un bicicleta, un casc de protecció homologat. (indicar de qui es tracta) És obligatori quan circulin en vies interurbanes, excepte en rampes ascendents perllongades; per raons mèdiques; o, en condicions extremes de calor. Els conductors de bicicletes en competició i els ciclistes professionals, ja sigui durant els entrenaments o en competició, es regeixen per les seves pròpies normes. Els menors de setze anys conductor i/o ocupant de bicicletes, estan obligats a portar el casc de protecció quan circulin per vies urbanes, interurbanes i travesseres.",118.1,G,200,100,0,,26,"Catàleg d’infraccions SCT, 20 de maig de 2026",assignació normativa revisada per pàgina i taula,estructural
sct-26-0-7,RGC,Reglament general de circulació,"CINTURÓ, CASC I ALTRES ELEMENTS DE SEGURETAT","No utilitzar, o utilitzar inadequadament el conductor del vehicle ressenyat, que està fora del vehicle i ocupa la calçada o el voral de la via, una armilla reflectant d’alta visibilitat L’ús de l’armilla reflectant és obligatori en vies interurbanes, per part dels conductors de turismes, autobusos, automòbils destinats al transport de mercaderies, vehicles mixtes, conjunts de vehicles no agrícoles, així com per part de conductors i personal auxiliar de vehicles pilot de protecció i acompanyament, quan surtin el vehicle i ocupin la calçada o el voral.",118.3,G,200,100,4,,26,"Catàleg d’infraccions SCT, 20 de maig de 2026",assignació normativa revisada per pàgina i taula,estructural
sct-26-0-9,RGC,Reglament general de circulació,"CINTURÓ, CASC I ALTRES ELEMENTS DE SEGURETAT",Excedir en més d’un 50% els temps de conducció establerts en la legislació sobre transports terrestres (indicar les hores de conducció realitzades),120.1,MG,500,250,6,,26,"Catàleg d’infraccions SCT, 20 de maig de 2026",assignació normativa revisada per pàgina i taula,estructural
sct-26-0-10,RGC,Reglament general de circulació,"CINTURÓ, CASC I ALTRES ELEMENTS DE SEGURETAT",Minorar en més d’un 50% els períodes de descans establerts en la legislació sobre transports terrestres (indicar el temps de descans efectuat),120.1,MG,500,250,6,,26,"Catàleg d’infraccions SCT, 20 de maig de 2026",assignació normativa revisada per pàgina i taula,estructural
sct-26-0-13,RGC,Reglament general de circulació,VIANANTS,"Transitar pel voral o per la calçada quan hi ha una zona de vianants per on es pot passar Encara que hi hagi zona de vianants, podran circular pel voral o, si aquest no existeix o no és transitable, per la calçada: - els qui portin algun objecte voluminós o empenyin o arrosseguin un vehicle de reduïdes dimensions que no sigui de motor, si la seva circulació per la zona de vianants o pel voral pogués destorbar considerablement la resta de vianants - els grups de vianants dirigits per una persona o que formin una comitiva - la persona impedida que transiti en cadira de rodes, amb o sense motor, a velocitat del pas humà",121.1,L,80,40,0,,26,"Catàleg d’infraccions SCT, 20 de maig de 2026",assignació normativa revisada per pàgina i taula,estructural
sct-27-0-1,RGC,Reglament general de circulació,VIANANTS,Transitar per la calçada quan hi ha un voral practicable,121.1,L,80,40,0,,27,"Catàleg d’infraccions SCT, 20 de maig de 2026",assignació normativa revisada per pàgina i taula,estructural
sct-27-0-2,RGC,Reglament general de circulació,VIANANTS,"Està prohibit circular amb monopatí, patins o aparells semblants; - per la calçada, excepte si és una zona, via o part de la via especialment destinada per a ells - per la vorera o carrer residencial a velocitat superior al pas d’una persona - arrossegats per un altre vehicle",121.4,L,80,40,0,,27,"Catàleg d’infraccions SCT, 20 de maig de 2026",assignació normativa revisada per pàgina i taula,estructural
sct-27-0-3,RGC,Reglament general de circulació,VIANANTS,Circular amb qualsevol classe de vehicle per una vorera o una zona de vianants,121.5,G,200,100,0,,27,"Catàleg d’infraccions SCT, 20 de maig de 2026",assignació normativa revisada per pàgina i taula,estructural
sct-27-0-5,RGC,Reglament general de circulació,VIANANTS,"No circular, un vianant, per l’esquerre en una carretera o una travessera Això no obstant, la circulació de vianants es farà per la dreta quan concorrin circumstàncies que per raons de seguretat ho justifiquin",122.1,L,80,40,0,,27,"Catàleg d’infraccions SCT, 20 de maig de 2026",assignació normativa revisada per pàgina i taula,estructural
sct-27-0-6,RGC,Reglament general de circulació,VIANANTS,"No circular per la dreta de la carretera - un vianant que empeny o arrossega un cicle o un ciclomotor de dues rodes, un carro de mà o aparells similars - un grup de vianants dirigit per una persona o que formi una comitiva - una persona disminuïda que es desplaça en cadira de rodes",122.4,L,80,40,0,,27,"Catàleg d’infraccions SCT, 20 de maig de 2026",assignació normativa revisada per pàgina i taula,estructural
sct-27-0-7,RGC,Reglament general de circulació,VIANANTS,"Transitar per la calçada o pel voral sense acostar-se tant com sigui possible a la vora exterior, de manera que s’entorpeix la circulació",122.5,L,80,40,0,,27,"Catàleg d’infraccions SCT, 20 de maig de 2026",assignació normativa revisada per pàgina i taula,estructural
sct-27-0-8,RGC,Reglament general de circulació,VIANANTS,"No circular, els vianants que formen un grup, l’un darrere de l’altre quan la seguretat de la circulació ho requereix (indicar les circumstàncies)",122.5,L,80,40,0,,27,"Catàleg d’infraccions SCT, 20 de maig de 2026",assignació normativa revisada per pàgina i taula,estructural
sct-27-0-9,RGC,Reglament general de circulació,VIANANTS,"Quedar-se detingut, un vianant, a la calçada o en el voral quan hi ha un refugi, una zona de vianants o un altre espai adequat",122.6,L,80,40,0,,27,"Catàleg d’infraccions SCT, 20 de maig de 2026",assignació normativa revisada per pàgina i taula,estructural
sct-27-0-10,RGC,Reglament general de circulació,VIANANTS,"No deixar lliure la calçada, un vianant, en advertir els senyals òptics i acústics de vehicles prioritaris",122.7,L,80,40,0,,27,"Catàleg d’infraccions SCT, 20 de maig de 2026",assignació normativa revisada per pàgina i taula,estructural
sct-27-0-11,RGC,Reglament general de circulació,VIANANTS,"Destorbar, un vianant, inútilment als conductors dels vehicles en un carrer residencial",122.8,L,80,40,0,,27,"Catàleg d’infraccions SCT, 20 de maig de 2026",assignació normativa revisada per pàgina i taula,estructural
sct-27-0-13,RGC,Reglament general de circulació,VIANANTS,"No portar, un vianant que transita pel voral o per la calçada, fora de poblat, entre el vespre i l’alba o en condicions meteorològiques o ambientals que disminueixen sensiblement la visibilitat, un element lluminós o reflectant",123,L,80,40,0,,27,"Catàleg d’infraccions SCT, 20 de maig de 2026",assignació normativa revisada per pàgina i taula,estructural
sct-27-0-14,RGC,Reglament general de circulació,VIANANTS,"No portar en el costat més pròxim al centre de la calçada, un grup de persones o una comitiva que transita pel voral o per la calçada, fora de poblat, entre el vespre i l’alba o en condicions de visibilitat insuficient, els llums necessaris per precisar la seva situació i dimensions Els llums han de ser de color blanc o groc cap endavant i vermell cap enrere",123,L,80,40,0,,27,"Catàleg d’infraccions SCT, 20 de maig de 2026",assignació normativa revisada per pàgina i taula,estructural
sct-27-0-16,RGC,Reglament general de circulació,VIANANTS,"Travessar la calçada, un vianant, fora del pas de vianants que hi ha amb aquesta finalitat o quan els llums del semàfor permeten la circulació de vehicles.",124.1,L,80,40,0,,27,"Catàleg d’infraccions SCT, 20 de maig de 2026",assignació normativa revisada per pàgina i taula,estructural
sct-27-0-17,RGC,Reglament general de circulació,VIANANTS,"Travessar la calçada, un vianant, sense caminar perpendicularment a l’eix de la calçada o entretenint-se o detenint-se sense necessitat o destorbar el pas dels altres",124.3,L,80,40,0,,27,"Catàleg d’infraccions SCT, 20 de maig de 2026",assignació normativa revisada per pàgina i taula,estructural
sct-27-0-18,RGC,Reglament general de circulació,VIANANTS,"Travessar una plaça o una glorieta, un vianant, per la calçada sense vorejar-la",124.4,L,80,40,0,,27,"Catàleg d’infraccions SCT, 20 de maig de 2026",assignació normativa revisada per pàgina i taula,estructural
sct-27-0-20,RGC,Reglament general de circulació,VIANANTS,"Circular, un vianant, per una autopista o una autovia",125.1,L,80,40,0,,27,"Catàleg d’infraccions SCT, 20 de maig de 2026",assignació normativa revisada per pàgina i taula,estructural
sct-27-0-21,RGC,Reglament general de circulació,VIANANTS,"Fer cas, el conductor d’un vehicle, a les peticions de passatge a les autopistes o autovies",125.1,L,80,40,0,,27,"Catàleg d’infraccions SCT, 20 de maig de 2026",assignació normativa revisada per pàgina i taula,estructural
sct-27-0-24,RGC,Reglament general de circulació,CIRCULACIÓ D’ANIMALS,"Transitar per una via amb trànsit rodat amb animals de tir, càrrega o sella, o amb caps de bestiar, quan existeix itinerari transitable per via pecuària o via alternativa amb menys intensitat de circulació de vehicles",126,L,80,40,0,,27,"Catàleg d’infraccions SCT, 20 de maig de 2026",assignació normativa revisada per pàgina i taula,estructural
sct-27-0-26,RGC,Reglament general de circulació,CIRCULACIÓ D’ANIMALS,Menar un animal o caps de bestiar de manera que s’envaeix la zona de vianants,127.1.a),L,80,40,0,,27,"Catàleg d’infraccions SCT, 20 de maig de 2026",assignació normativa revisada per pàgina i taula,estructural
sct-27-0-27,RGC,Reglament general de circulació,CIRCULACIÓ D’ANIMALS,Circular amb animals o caps de bestiar pel voral esquerre o per la calçada sense acostar-se tant com sigui possible al costat dret de la mateixa,127.1.b),L,80,40,0,,27,"Catàleg d’infraccions SCT, 20 de maig de 2026",assignació normativa revisada per pàgina i taula,estructural
sct-27-0-28,RGC,Reglament general de circulació,CIRCULACIÓ D’ANIMALS,Menar un ramat de bestiar sense portar-los al pas o de manera que ocupen més de la meitat dreta de la calçada,127.1.c),L,80,40,0,,27,"Catàleg d’infraccions SCT, 20 de maig de 2026",assignació normativa revisada per pàgina i taula,estructural
sct-27-0-29,RGC,Reglament general de circulació,CIRCULACIÓ D’ANIMALS,"No adoptar les precaucions necessàries per creuar-se amb un altre ramat de bestiar tan de pressa com sigui possible, sense dificultar la circulació",127.1.c),L,80,40,0,,27,"Catàleg d’infraccions SCT, 20 de maig de 2026",assignació normativa revisada per pàgina i taula,estructural
sct-27-0-30,RGC,Reglament general de circulació,CIRCULACIÓ D’ANIMALS,Travessar la via amb animals o caps de bestiar per un lloc no autoritzat a l’efecte o per un lloc que no compleix les condicions necessàries de seguretat,127.1.d),L,80,40,0,,27,"Catàleg d’infraccions SCT, 20 de maig de 2026",assignació normativa revisada per pàgina i taula,estructural
sct-28-0-1,RGC,Reglament general de circulació,CIRCULACIÓ D’ANIMALS,"Circular de nit amb animals o caps de bestiar, per una via insuficientment il·luminada o en condicions que fan disminuir la visibilitat, sense portar al costat més pròxim al centre de la calçada els llums necessaris per precisar la seva situació i dimensions Els llums han de ser de color blanc o groc cap endavant i vermell cap enrere",127.1.e),G,200,100,0,,28,"Catàleg d’infraccions SCT, 20 de maig de 2026",assignació normativa revisada per pàgina i taula,estructural
sct-28-0-2,RGC,Reglament general de circulació,CIRCULACIÓ D’ANIMALS,"No cedir el pas, el conductor d’animals o caps de bestiar, als vehicles que tenen preferència en estretalls de la via, interseccions i en casos en què les trajectòries respectives es creuen Veure article 66, relatiu a la prioritat de pas dels animals respecte dels vehicles",127.1.f),L,80,40,0,,28,"Catàleg d’infraccions SCT, 20 de maig de 2026",assignació normativa revisada per pàgina i taula,estructural
sct-28-0-3,RGC,Reglament general de circulació,CIRCULACIÓ D’ANIMALS,Deixar animals sense custòdia a qualsevol classe de via quan hi ha la possibilitat que l’envaeixin,127.2,L,80,40,0,,28,"Catàleg d’infraccions SCT, 20 de maig de 2026",assignació normativa revisada per pàgina i taula,estructural
sct-28-0-4,RGC,Reglament general de circulació,CIRCULACIÓ D’ANIMALS,Circular amb animals o amb caps de bestiar per una autopista o una autovia,128,L,80,40,0,,28,"Catàleg d’infraccions SCT, 20 de maig de 2026",assignació normativa revisada per pàgina i taula,estructural
sct-28-0-5,RGC,Reglament general de circulació,CIRCULACIÓ D’ANIMALS,"Circular, un vehicle de tracció animal, per una autopista o una autovia",128,G,200,100,0,,28,"Catàleg d’infraccions SCT, 20 de maig de 2026",assignació normativa revisada per pàgina i taula,estructural
sct-28-0-8,RGC,Reglament general de circulació,COMPORTAMENT EN CAS D’EMERGÈNCIA,"Detenir el vehicle de manera que crea un nou perill per a la circulació, en trobar-se implicat en un accident de circulació (indicar perill creat)",129.2.a),G,200,100,0,,28,"Catàleg d’infraccions SCT, 20 de maig de 2026",assignació normativa revisada per pàgina i taula,estructural
sct-28-0-9,RGC,Reglament general de circulació,COMPORTAMENT EN CAS D’EMERGÈNCIA,"No facilitar la identitat als agents de l’autoritat o no col·laborar amb els agents de l’autoritat, en trobar-se implicat en un accident de circulació",129.2.b),G,200,100,0,,28,"Catàleg d’infraccions SCT, 20 de maig de 2026",assignació normativa revisada per pàgina i taula,estructural
sct-28-0-10,RGC,Reglament general de circulació,COMPORTAMENT EN CAS D’EMERGÈNCIA,"Fugir del lloc de l’accident, estant-hi implicat, sense facilitar les dades a la resta de persones implicades o als agents de l’autoritat (129.2.b RGC)",129.2 b),G,200,100,0,,28,"Catàleg d’infraccions SCT, 20 de maig de 2026",assignació normativa revisada per pàgina i taula,estructural
sct-28-0-11,RGC,Reglament general de circulació,COMPORTAMENT EN CAS D’EMERGÈNCIA,"No esforçar-se a restablir o mantenir la seguretat de la circulació, en trobar-se implicat en un accident de circulació",129.2.c),G,200,100,0,,28,"Catàleg d’infraccions SCT, 20 de maig de 2026",assignació normativa revisada per pàgina i taula,estructural
sct-28-0-12,RGC,Reglament general de circulació,COMPORTAMENT EN CAS D’EMERGÈNCIA,"Modificar l’estat de les coses i de les empremtes o altres proves que poden resultar útils per determinar responsabilitats, en trobar-se implicat en un accident de circulació",129.2.c),L,80,40,0,,28,"Catàleg d’infraccions SCT, 20 de maig de 2026",assignació normativa revisada per pàgina i taula,estructural
sct-28-0-13,RGC,Reglament general de circulació,COMPORTAMENT EN CAS D’EMERGÈNCIA,"No prestar a les víctimes l’auxili que resulti més adequat o no demanar auxili sanitari per a les víctimes, en trobar-se implicat en un accident de circulació",129.2.d),L,80,40,0,,28,"Catàleg d’infraccions SCT, 20 de maig de 2026",assignació normativa revisada per pàgina i taula,estructural
sct-28-0-14,RGC,Reglament general de circulació,COMPORTAMENT EN CAS D’EMERGÈNCIA,"No avisar als agents de l’autoritat o no quedar-se o no tornar al lloc de l’accident fins que arribin els agents, en trobar-se implicat en un accident de circulació amb víctimes o ferits",129.2.e),L,80,40,0,,28,"Catàleg d’infraccions SCT, 20 de maig de 2026",assignació normativa revisada per pàgina i taula,estructural
sct-28-0-15,RGC,Reglament general de circulació,COMPORTAMENT EN CAS D’EMERGÈNCIA,No facilitar la identitat a altres persones implicades en un accident de circulació,129.2.f),G,200,100,0,,28,"Catàleg d’infraccions SCT, 20 de maig de 2026",assignació normativa revisada per pàgina i taula,estructural
sct-28-0-16,RGC,Reglament general de circulació,COMPORTAMENT EN CAS D’EMERGÈNCIA,No facilitar les dades del vehicle a altres persones implicades en un accident de circulació,129.2.g),G,200,100,0,,28,"Catàleg d’infraccions SCT, 20 de maig de 2026",assignació normativa revisada per pàgina i taula,estructural
sct-28-0-17,RGC,Reglament general de circulació,COMPORTAMENT EN CAS D’EMERGÈNCIA,"- No auxiliar o no sol·licitar l’auxili necessari per a les víctimes - Detenir el vehicle de manera que crea un nou perill per a la circulació - No facilitar la identitat als agents de l’autoritat quan resulti necessari - No col·laborar per restablir la seguretat del trànsit - Modificar l’estat de les coses que poden resultar útils per determinar responsabilitats - No avisar als agents de l’autoritat - No quedar-se o no tornar al lloc on s’ha produït un accident amb víctimes fins que arribi l’autoritat un usuari de la via, que no està implicat en l’accident NOTA: cal tenir present que l’article 195 del Codi Penal tipifica com a delicte l’omissió del deure de socors",129.3,L,80,40,0,,28,"Catàleg d’infraccions SCT, 20 de maig de 2026",assignació normativa revisada per pàgina i taula,estructural
sct-28-0-19,RGC,Reglament general de circulació,COMPORTAMENT EN CAS D’EMERGÈNCIA,"No senyalitzar eficaçment un vehicle immobilitzat a la calçada o la caiguda de càrrega a la calçada (La circulació d’un vehicle amb la càrrega mal condicionada o amb perill de caiguda caldrà denunciar a través de l’article 14 del RGC, amb qualificació de greu)",130.1,L,80,40,0,,28,"Catàleg d’infraccions SCT, 20 de maig de 2026",assignació normativa revisada per pàgina i taula,estructural
sct-28-0-20,RGC,Reglament general de circulació,COMPORTAMENT EN CAS D’EMERGÈNCIA,"No adoptar, el conductor d’un vehicle immobilitzat a la calçada o que li ha caigut la càrrega, les mesures necessàries perquè el vehicle o la càrrega siguin retirats al més aviat possible",130.1,L,80,40,0,,28,"Catàleg d’infraccions SCT, 20 de maig de 2026",assignació normativa revisada per pàgina i taula,estructural
sct-28-0-21,RGC,Reglament general de circulació,COMPORTAMENT EN CAS D’EMERGÈNCIA,No utilitzar els dispositius de pressenyalització de perill per avisar de la presència d’un vehicle immobilitzat a la calçada o de càrrega a la calçada,130.3,L,80,40,0,,28,"Catàleg d’infraccions SCT, 20 de maig de 2026",assignació normativa revisada per pàgina i taula,estructural
sct-28-0-22,RGC,Reglament general de circulació,COMPORTAMENT EN CAS D’EMERGÈNCIA,"Remolcar un vehicle avariat o accidentat per un altre vehicle no destinat a aquesta finalitat Excepcionalment es permet remolcar per altres vehicles però únicament fins el lloc més proper on pugui quedar convenientment immobilitzat. En cap cas, però, aquesta excepció és aplicable a les autopistes i autovies",130.5,L,80,40,0,,28,"Catàleg d’infraccions SCT, 20 de maig de 2026",assignació normativa revisada per pàgina i taula,estructural
sct-29-0-3,RGC,Reglament general de circulació,SENYALITZACIÓ,No comunicar a l’òrgan responsable de la gestió del trànsit la realització d’obres a vies públiques abans del seu inici,139.3,G,200,100,0,,29,"Catàleg d’infraccions SCT, 20 de maig de 2026",assignació normativa revisada per pàgina i taula,estructural
sct-29-0-4,RGC,Reglament general de circulació,SENYALITZACIÓ,Incomplir les instruccions dictades per l’òrgan responsable de la gestió del trànsit,139.4,G,200,100,0,,29,"Catàleg d’infraccions SCT, 20 de maig de 2026",assignació normativa revisada per pàgina i taula,estructural
sct-29-0-5,RGC,Reglament general de circulació,SENYALITZACIÓ,"No instal·lar els senyals d’obres, posant en greu risc la seguretat viària",140,MG,6.000,NO,0,,29,"Catàleg d’infraccions SCT, 20 de maig de 2026",assignació normativa revisada per pàgina i taula,estructural
sct-29-0-6,RGC,Reglament general de circulació,SENYALITZACIÓ,"Instal·lar els senyals d’obres incomplint la normativa vigent, posant en greu risc la seguretat viària",140,MG,3.000,NO,0,,29,"Catàleg d’infraccions SCT, 20 de maig de 2026",assignació normativa revisada per pàgina i taula,estructural
sct-29-0-7,RGC,Reglament general de circulació,SENYALITZACIÓ,Retirar la senyalització d’una via sense autorització,140.2,MG,3.000,NO,0,,29,"Catàleg d’infraccions SCT, 20 de maig de 2026",assignació normativa revisada per pàgina i taula,estructural
sct-29-0-8,RGC,Reglament general de circulació,SENYALITZACIÓ,Modificar el contingut dels senyals de manera que pot induir a confusió als usuaris de la via,140.3,MG,3.000,NO,0,,29,"Catàleg d’infraccions SCT, 20 de maig de 2026",assignació normativa revisada per pàgina i taula,estructural
sct-29-0-9,RGC,Reglament general de circulació,SENYALITZACIÓ,Modificar el contingut del senyal de tal manera que es pot reduir la seva visibilitat o la seva eficàcia,140.3,MG,3.000,NO,0,,29,"Catàleg d’infraccions SCT, 20 de maig de 2026",assignació normativa revisada per pàgina i taula,estructural
sct-29-0-10,RGC,Reglament general de circulació,SENYALITZACIÓ,Modificar el contingut del senyal de tal manera que es pot enlluernar als usuaris de la via,140.3,MG,3.000,NO,0,,29,"Catàleg d’infraccions SCT, 20 de maig de 2026",assignació normativa revisada per pàgina i taula,estructural
sct-29-0-11,RGC,Reglament general de circulació,SENYALITZACIÓ,Modificar el contingut del senyal de tal manera que pot distreure l’atenció als usuaris de la via,140.3,MG,3.000,NO,0,,29,"Catàleg d’infraccions SCT, 20 de maig de 2026",assignació normativa revisada per pàgina i taula,estructural
sct-29-0-12,RGC,Reglament general de circulació,SENYALITZACIÓ,"Col·locar en els senyals o en les proximitats, plaques , cartells, marques o altres objectes que poden induir a confusió, reduir la seva visibilitat o enlluernar o distreure als usuaris de la via.",140.3,L,80,40,0,,29,"Catàleg d’infraccions SCT, 20 de maig de 2026",assignació normativa revisada per pàgina i taula,estructural
sct-29-0-13,RGC,Reglament general de circulació,SENYALITZACIÓ,Retirar la senyalització d’una via sense autorització.,140.3,MG,3.000,NO,0,,29,"Catàleg d’infraccions SCT, 20 de maig de 2026",assignació normativa revisada per pàgina i taula,estructural
sct-29-0-15,RGC,Reglament general de circulació,SENYALITZACIÓ,No obeir les ordres dels agents de l’autoritat en servei de regulació del trànsit (indicar ordre desobeïda),141.1,G,200,100,4,,29,"Catàleg d’infraccions SCT, 20 de maig de 2026",assignació normativa revisada per pàgina i taula,estructural
sct-29-0-16,RGC,Reglament general de circulació,SENYALITZACIÓ,"No obeir per part dels conductors de bicicletes i de vehicles de mobilitat personal, les ordres dels agents de l’autoritat en servei de regulació del trànsit",141.1,G,200,100,0,,29,"Catàleg d’infraccions SCT, 20 de maig de 2026",assignació normativa revisada per pàgina i taula,estructural
sct-29-0-17,RGC,Reglament general de circulació,SENYALITZACIÓ,No obeir les ordres dels agents de l’autoritat en servei d’urgència (indicar ordre desobeïda ),141.4,G,200,100,0,,29,"Catàleg d’infraccions SCT, 20 de maig de 2026",assignació normativa revisada per pàgina i taula,estructural
sct-29-0-19,RGC,Reglament general de circulació,SENYALITZACIÓ,"No obeir les indicacions d’un panell de missatgeria variable. ( Indicar la instrucció desobeïda ) Si la instrucció desobeïda es refereix a prioritat de pas, avançaments, canvis de direcció o sentit i marxa enrere, sentit de la circulació, utilització de carrils i vorals i, en general, tota vulneració de les ordenances especials de trànsit per raons de seguretat o fluïdesa de la circulació, la infracció es denunciarà per l’article corresponent i tindrà la qualificació de greu .",142.1,G,200,100,0,,29,"Catàleg d’infraccions SCT, 20 de maig de 2026",assignació normativa revisada per pàgina i taula,estructural
sct-29-0-20,RGC,Reglament general de circulació,SENYALITZACIÓ,"No respectar la prohibició de pas establerta mitjançant un senyal d’abalisament. (Indicar el tipus de senyal) Els senyals d’abalisament que prohibeixen el pas són els dispositius de barrera ( barrera fixa, barrera o semi barrera mòbils, panell direccional provisional, banderetes, cons o dispositius anàlegs, llum vermell fix i llums grocs fixos o intermitents)",142.4,G,200,100,0,,29,"Catàleg d’infraccions SCT, 20 de maig de 2026",assignació normativa revisada per pàgina i taula,estructural
sct-29-0-23,RGC,Reglament general de circulació,SENYALITZACIÓ,"No respectar, un vianant, el llum vermell d’un semàfor reservat per a vianants",143.1-A,G,200,100,0,,29,"Catàleg d’infraccions SCT, 20 de maig de 2026",assignació normativa revisada per pàgina i taula,estructural
sct-29-0-25,RGC,Reglament general de circulació,SENYALITZACIÓ,"No respectar, el conductor d’un vehicle, el llum vermell d’un semàfor",143. 1-B,G,200,100,4,,29,"Catàleg d’infraccions SCT, 20 de maig de 2026",assignació normativa revisada per pàgina i taula,estructural
sct-29-0-26,RGC,Reglament general de circulació,SENYALITZACIÓ,"Superar, un vehicle, la línia de detenció anterior més pròxima a un semàfor quan emet llum vermell no intermitent",143. 1-B,G,200,100,0,,29,"Catàleg d’infraccions SCT, 20 de maig de 2026",assignació normativa revisada per pàgina i taula,estructural
sct-29-0-27,RGC,Reglament general de circulació,SENYALITZACIÓ,"Entrar en una intersecció regulada per semàfor situat dintre de la mateixa o en el costat oposat, quan emet llum vermell no intermitent",143. 1-B,G,200,100,4,,29,"Catàleg d’infraccions SCT, 20 de maig de 2026",assignació normativa revisada per pàgina i taula,estructural
sct-29-0-28,RGC,Reglament general de circulació,SENYALITZACIÓ,"No respectar, el conductor d’un vehicle, el llum vermell intermitent d’un semàfor o dos llums vermells alternativament intermitents d’un semàfor",143. 1-B,G,200,100,4,,29,"Catàleg d’infraccions SCT, 20 de maig de 2026",assignació normativa revisada per pàgina i taula,estructural
sct-29-0-29,RGC,Reglament general de circulació,SENYALITZACIÓ,"No detenir-se, el conductor d’un vehicle, podent fer-ho sense perill, davant el llum groc no intermitent d’un semàfor",143. 1-B,G,200,100,0,,29,"Catàleg d’infraccions SCT, 20 de maig de 2026",assignació normativa revisada per pàgina i taula,estructural
sct-29-0-30,RGC,Reglament general de circulació,SENYALITZACIÓ,"No extremar les precaucions, el conductor d’un vehicle, davant un llum groc intermitent o dos llums grocs alternativament intermitents",143. 1-B,G,200,100,0,,29,"Catàleg d’infraccions SCT, 20 de maig de 2026",assignació normativa revisada per pàgina i taula,estructural
sct-29-0-31,RGC,Reglament general de circulació,SENYALITZACIÓ,"No respectar, el conductor d’un vehicle, la prohibició establerta per una fletxa negra sobre el llum vermell d’un semàfor",143. 1-B,G,200,100,4,,29,"Catàleg d’infraccions SCT, 20 de maig de 2026",assignació normativa revisada per pàgina i taula,estructural
sct-29-0-32,RGC,Reglament general de circulació,SENYALITZACIÓ,"No respectar, el conductor d’un vehicle, la prohibició establerta per una fletxa negra sobre el llum groc d’un semàfor",143. 1-B,G,200,100,0,,29,"Catàleg d’infraccions SCT, 20 de maig de 2026",assignació normativa revisada per pàgina i taula,estructural
sct-29-0-33,RGC,Reglament general de circulació,SENYALITZACIÓ,"No obeir, el conductor d’un vehicle, la direcció i el sentit de circulació indicats per una fletxa verda il·luminada sobre un fons circular negre d’un semàfor",143. 1-B,G,200,100,0,,29,"Catàleg d’infraccions SCT, 20 de maig de 2026",assignació normativa revisada per pàgina i taula,estructural
sct-30-0-2,RGC,Reglament general de circulació,SENYALITZACIÓ,Ocupar un carril quan ho prohibeix el llum vermell en forma d’aspa d’un semàfor quadrat,143.1-C,G,200,100,4,,30,"Catàleg d’infraccions SCT, 20 de maig de 2026",assignació normativa revisada per pàgina i taula,estructural
sct-30-0-4,RGC,Reglament general de circulació,SENYALITZACIÓ,"No respectar, el conductor d’una bicicleta/vehicle de mobilitat personal, el llum vermell d’un semàfor Atenció: en aquests casos, no comportarà pèrdua de punts",143.1-D,G,200,100,0,,30,"Catàleg d’infraccions SCT, 20 de maig de 2026",assignació normativa revisada per pàgina i taula,estructural
sct-30-0-5,RGC,Reglament general de circulació,SENYALITZACIÓ,"No respectar, el conductor d’una bicicleta, el llum vermell intermitent d’un semàfor",143.1-D,G,200,100,0,,30,"Catàleg d’infraccions SCT, 20 de maig de 2026",assignació normativa revisada per pàgina i taula,estructural
sct-30-0-6,RGC,Reglament general de circulació,SENYALITZACIÓ,"No detenir-se, el conductor d’una bicicleta, davant el llum vermell d’un semàfor reservat per a cicles i ciclomotors",143.1-D,G,200,100,0,,30,"Catàleg d’infraccions SCT, 20 de maig de 2026",assignació normativa revisada per pàgina i taula,estructural
sct-30-0-7,RGC,Reglament general de circulació,SENYALITZACIÓ,"No detenir-se, el conductor d’un ciclomotor, davant el llum vermell d’un semàfor reservat per a cicles i ciclomotors",143.1-D,G,200,100,4,,30,"Catàleg d’infraccions SCT, 20 de maig de 2026",assignació normativa revisada per pàgina i taula,estructural
sct-30-0-8,RGC,Reglament general de circulació,SENYALITZACIÓ,"No detenir-se, el conductor d’una bicicleta o d’un ciclomotor, podent-ho fer sense perill, davant el llum groc d’un semàfor reservat per a cicles i ciclomotors",143.1-D,G,200,100,0,,30,"Catàleg d’infraccions SCT, 20 de maig de 2026",assignació normativa revisada per pàgina i taula,estructural
sct-30-0-9,RGC,Reglament general de circulació,SENYALITZACIÓ,"No respectar, el conductor d’un tramvia, les indicacions del seu semàfor (indicar desobediència",143.1-D,G,200,100,0,,30,"Catàleg d’infraccions SCT, 20 de maig de 2026",assignació normativa revisada per pàgina i taula,estructural
sct-30-0-10,RGC,Reglament general de circulació,SENYALITZACIÓ,"No respectar, el conductor d’un autobús de línies regulars, les indicacions del seu semàfor (indicar desobediència",143.1-D,G,200,100,0,,30,"Catàleg d’infraccions SCT, 20 de maig de 2026",assignació normativa revisada per pàgina i taula,estructural
sct-30-0-12,RGC,Reglament general de circulació,SENYALITZACIÓ,No obeir un senyal de “cediu el pas”,145.2-A,G,200,100,4,,30,"Catàleg d’infraccions SCT, 20 de maig de 2026",assignació normativa revisada per pàgina i taula,estructural
sct-30-0-13,RGC,Reglament general de circulació,SENYALITZACIÓ,No detenir-se davant un senyal de detenció obligatòria (STOP),145.2-A,G,200,100,4,,30,"Catàleg d’infraccions SCT, 20 de maig de 2026",assignació normativa revisada per pàgina i taula,estructural
sct-30-0-14,RGC,Reglament general de circulació,SENYALITZACIÓ,"No detenir-se una bicicleta/vehicle de mobilitat personal, en un senyal de detenció obligatòria ( STOP)",145.2-A,G,200,100,0,,30,"Catàleg d’infraccions SCT, 20 de maig de 2026",assignació normativa revisada per pàgina i taula,estructural
sct-30-0-15,RGC,Reglament general de circulació,SENYALITZACIÓ,"No obeir una bicicleta/vehicle de mobilitat personal, un senyal de cediu el pas",145.2-A,G,200,100,0,,30,"Catàleg d’infraccions SCT, 20 de maig de 2026",assignació normativa revisada per pàgina i taula,estructural
sct-30-0-17,RGC,Reglament general de circulació,SENYALITZACIÓ,No obeir un senyal de circulació prohibida per a tota classe de vehicles,145.2-B,G,200,100,0,,30,"Catàleg d’infraccions SCT, 20 de maig de 2026",assignació normativa revisada per pàgina i taula,estructural
sct-30-0-18,RGC,Reglament general de circulació,SENYALITZACIÓ,No obeir un senyal d’entrada prohibida per a tota classe de vehicles,145.2-B,L,80,40,0,,30,"Catàleg d’infraccions SCT, 20 de maig de 2026",assignació normativa revisada per pàgina i taula,estructural
sct-30-0-19,RGC,Reglament general de circulació,SENYALITZACIÓ,No obeir un senyal d’entrada prohibida per a determinats vehicles,145.2-B,G,200,100,0,,30,"Catàleg d’infraccions SCT, 20 de maig de 2026",assignació normativa revisada per pàgina i taula,estructural
sct-30-0-21,RGC,Reglament general de circulació,SENYALITZACIÓ,No obeir un senyal de limitació de massa,145.2-C,G,200,100,0,,30,"Catàleg d’infraccions SCT, 20 de maig de 2026",assignació normativa revisada per pàgina i taula,estructural
sct-30-0-22,RGC,Reglament general de circulació,SENYALITZACIÓ,No obeir un senyal de limitació de massa per eix,145.2-C,G,200,100,0,,30,"Catàleg d’infraccions SCT, 20 de maig de 2026",assignació normativa revisada per pàgina i taula,estructural
sct-30-0-23,RGC,Reglament general de circulació,SENYALITZACIÓ,No obeir un senyal de limitació de longitud,145.2-C,G,200,100,0,,30,"Catàleg d’infraccions SCT, 20 de maig de 2026",assignació normativa revisada per pàgina i taula,estructural
sct-30-0-24,RGC,Reglament general de circulació,SENYALITZACIÓ,No obeir un senyal de limitació d’amplada,145.2-C,G,200,100,0,,30,"Catàleg d’infraccions SCT, 20 de maig de 2026",assignació normativa revisada per pàgina i taula,estructural
sct-30-0-25,RGC,Reglament general de circulació,SENYALITZACIÓ,No obeir un senyal de limitació d’alçada,145.2-C,G,200,100,0,,30,"Catàleg d’infraccions SCT, 20 de maig de 2026",assignació normativa revisada per pàgina i taula,estructural
sct-30-0-26,RGC,Reglament general de circulació,SENYALITZACIÓ,No obeir un senyal de prohibició de passar sense detenir-se,145.2-C,L,80,40,0,,30,"Catàleg d’infraccions SCT, 20 de maig de 2026",assignació normativa revisada per pàgina i taula,estructural
sct-30-0-27,RGC,Reglament general de circulació,SENYALITZACIÓ,Incomplir la prohibició establerta en el senyal corresponent ( R-200) en reprendre la marxa sense haver complert la prescripció de peatge que el senyal estableix,145.2-C,L,100,50,0,,30,"Catàleg d’infraccions SCT, 20 de maig de 2026",assignació normativa revisada per pàgina i taula,estructural
sct-30-0-29,RGC,Reglament general de circulació,SENYALITZACIÓ,No obeir un senyal de separació mínima,145.2-D,G,200,100,0,,30,"Catàleg d’infraccions SCT, 20 de maig de 2026",assignació normativa revisada per pàgina i taula,estructural
sct-30-0-30,RGC,Reglament general de circulació,SENYALITZACIÓ,No obeir un senyal de gir a la dreta prohibit,145.2-D,G,200,100,0,,30,"Catàleg d’infraccions SCT, 20 de maig de 2026",assignació normativa revisada per pàgina i taula,estructural
sct-30-0-31,RGC,Reglament general de circulació,SENYALITZACIÓ,No obeir un senyal de gir a l’esquerra prohibit,145.2-D,G,200,100,0,,30,"Catàleg d’infraccions SCT, 20 de maig de 2026",assignació normativa revisada per pàgina i taula,estructural
sct-30-0-32,RGC,Reglament general de circulació,SENYALITZACIÓ,No obeir un senyal de mitja volta prohibida,145.2-D,G,200,100,0,,30,"Catàleg d’infraccions SCT, 20 de maig de 2026",assignació normativa revisada per pàgina i taula,estructural
sct-30-0-33,RGC,Reglament general de circulació,SENYALITZACIÓ,No obeir un senyal d’avançament prohibit,145.2-D,G,200,100,0,,30,"Catàleg d’infraccions SCT, 20 de maig de 2026",assignació normativa revisada per pàgina i taula,estructural
sct-30-0-34,RGC,Reglament general de circulació,SENYALITZACIÓ,No obeir un senyal d’avançament prohibit per a camions,145.2-D,G,200,100,0,,30,"Catàleg d’infraccions SCT, 20 de maig de 2026",assignació normativa revisada per pàgina i taula,estructural
sct-30-0-35,RGC,Reglament general de circulació,SENYALITZACIÓ,No obeir un senyal de parada i estacionament prohibit,145.2-D,L,80,40,0,,30,"Catàleg d’infraccions SCT, 20 de maig de 2026",assignació normativa revisada per pàgina i taula,estructural
sct-30-0-36,RGC,Reglament general de circulació,SENYALITZACIÓ,No obeir un senyal d’estacionament prohibit,145.2-D,L,80,40,0,,30,"Catàleg d’infraccions SCT, 20 de maig de 2026",assignació normativa revisada per pàgina i taula,estructural
sct-30-0-37,RGC,Reglament general de circulació,SENYALITZACIÓ,No obeir un senyal d’estacionament prohibit els dies imparells,145.2-D,L,80,40,0,,30,"Catàleg d’infraccions SCT, 20 de maig de 2026",assignació normativa revisada per pàgina i taula,estructural
sct-30-0-38,RGC,Reglament general de circulació,SENYALITZACIÓ,No obeir un senyal d’estacionament prohibit els dies parells,145.2-D,L,80,40,0,,30,"Catàleg d’infraccions SCT, 20 de maig de 2026",assignació normativa revisada per pàgina i taula,estructural
sct-30-0-39,RGC,Reglament general de circulació,SENYALITZACIÓ,No obeir un senyal d’estacionament prohibit la primera quinzena,145.2-D,L,80,40,0,,30,"Catàleg d’infraccions SCT, 20 de maig de 2026",assignació normativa revisada per pàgina i taula,estructural
sct-30-0-40,RGC,Reglament general de circulació,SENYALITZACIÓ,No obeir un senyal d’estacionament prohibit la segona quinzena,145.2-D,L,80,40,0,,30,"Catàleg d’infraccions SCT, 20 de maig de 2026",assignació normativa revisada per pàgina i taula,estructural
sct-31-0-0,RGC,Reglament general de circulació,SENYALITZACIÓ,No obeir un senyal d’estacionament prohibit en el gual,145.2-D,L,80,40,0,,31,"Catàleg d’infraccions SCT, 20 de maig de 2026",assignació normativa revisada per pàgina i taula,estructural
sct-31-0-1,RGC,Reglament general de circulació,SENYALITZACIÓ,No obeir un senyal de zona d’estacionament limitat,145.2-D,L,80,40,0,,31,"Catàleg d’infraccions SCT, 20 de maig de 2026",assignació normativa revisada per pàgina i taula,estructural
sct-31-0-2,RGC,Reglament general de circulació,SENYALITZACIÓ,No obeir un senyal d’advertències acústiques prohibides,145.2-D,L,80,40,0,,31,"Catàleg d’infraccions SCT, 20 de maig de 2026",assignació normativa revisada per pàgina i taula,estructural
sct-31-0-4,RGC,Reglament general de circulació,SENYALITZACIÓ,No obeir un senyal de sentit obligatori,145.2-E,G,200,100,0,,31,"Catàleg d’infraccions SCT, 20 de maig de 2026",assignació normativa revisada per pàgina i taula,estructural
sct-31-0-5,RGC,Reglament general de circulació,SENYALITZACIÓ,No obeir un senyal de pas obligatori,145.2-E,G,200,100,0,,31,"Catàleg d’infraccions SCT, 20 de maig de 2026",assignació normativa revisada per pàgina i taula,estructural
sct-31-0-6,RGC,Reglament general de circulació,SENYALITZACIÓ,No obeir un senyal d’intersecció de sentit giratori obligatori,145.2-E,G,200,100,0,,31,"Catàleg d’infraccions SCT, 20 de maig de 2026",assignació normativa revisada per pàgina i taula,estructural
sct-31-0-7,RGC,Reglament general de circulació,SENYALITZACIÓ,No obeir un senyal d´única direcció i sentit permès,145.2-E,G,200,100,0,,31,"Catàleg d’infraccions SCT, 20 de maig de 2026",assignació normativa revisada per pàgina i taula,estructural
sct-31-0-8,RGC,Reglament general de circulació,SENYALITZACIÓ,No obeir un senyal de calçada per a automòbils,145.2-E,G,200,100,0,,31,"Catàleg d’infraccions SCT, 20 de maig de 2026",assignació normativa revisada per pàgina i taula,estructural
sct-31-0-9,RGC,Reglament general de circulació,SENYALITZACIÓ,No obeir un senyal de calçada per a motocicletes,145.2-E,G,200,100,0,,31,"Catàleg d’infraccions SCT, 20 de maig de 2026",assignació normativa revisada per pàgina i taula,estructural
sct-31-0-10,RGC,Reglament general de circulació,SENYALITZACIÓ,"No obeir un senyal de calçada per a camions, tractocamions, i furgons o furgonetes",145.2-E,G,200,100,0,,31,"Catàleg d’infraccions SCT, 20 de maig de 2026",assignació normativa revisada per pàgina i taula,estructural
sct-31-0-11,RGC,Reglament general de circulació,SENYALITZACIÓ,No obeir un senyal de via reservada per a cicles o via ciclista,145.2-E,G,200,100,0,,31,"Catàleg d’infraccions SCT, 20 de maig de 2026",assignació normativa revisada per pàgina i taula,estructural
sct-31-0-12,RGC,Reglament general de circulació,SENYALITZACIÓ,No obeir un senyal de via reservada per a ciclomotors,145.2-E,G,200,100,0,,31,"Catàleg d’infraccions SCT, 20 de maig de 2026",assignació normativa revisada per pàgina i taula,estructural
sct-31-0-13,RGC,Reglament general de circulació,SENYALITZACIÓ,No obeir un senyal de camí per a vehicles de tracció animal,145.2-E,L,80,40,0,,31,"Catàleg d’infraccions SCT, 20 de maig de 2026",assignació normativa revisada per pàgina i taula,estructural
sct-31-0-14,RGC,Reglament general de circulació,SENYALITZACIÓ,No obeir un senyal de camí reservat per a animals de muntura,145.2-E,L,80,40,0,,31,"Catàleg d’infraccions SCT, 20 de maig de 2026",assignació normativa revisada per pàgina i taula,estructural
sct-31-0-15,RGC,Reglament general de circulació,SENYALITZACIÓ,No obeir un senyal de camí reservat per a vianants,145.2-E,L,80,40,0,,31,"Catàleg d’infraccions SCT, 20 de maig de 2026",assignació normativa revisada per pàgina i taula,estructural
sct-31-0-16,RGC,Reglament general de circulació,SENYALITZACIÓ,No obeir un senyal de velocitat mínima,145.2-E,L,80,40,0,,31,"Catàleg d’infraccions SCT, 20 de maig de 2026",assignació normativa revisada per pàgina i taula,estructural
sct-31-0-17,RGC,Reglament general de circulació,SENYALITZACIÓ,No obeir un senyal de cadenes per la neu,145.2-E,L,80,40,0,,31,"Catàleg d’infraccions SCT, 20 de maig de 2026",assignació normativa revisada per pàgina i taula,estructural
sct-31-0-18,RGC,Reglament general de circulació,SENYALITZACIÓ,No obeir un senyal d’enllumenat de curt abast,145.2-E,L,80,40,0,,31,"Catàleg d’infraccions SCT, 20 de maig de 2026",assignació normativa revisada per pàgina i taula,estructural
sct-31-0-19,RGC,Reglament general de circulació,SENYALITZACIÓ,No obeir un senyal de calçada per a vehicles que transporten mercaderies perilloses,145.2-E,L,80,40,0,,31,"Catàleg d’infraccions SCT, 20 de maig de 2026",assignació normativa revisada per pàgina i taula,estructural
sct-31-0-20,RGC,Reglament general de circulació,SENYALITZACIÓ,No obeir un senyal de calçada per a vehicles que transporten productes contaminants de l’aigua,145.2-E,L,80,40,0,,31,"Catàleg d’infraccions SCT, 20 de maig de 2026",assignació normativa revisada per pàgina i taula,estructural
sct-31-0-21,RGC,Reglament general de circulació,SENYALITZACIÓ,No obeir una senyal de calçada per a vehicles que transporten mercaderies explosives inflamables,145.2-E,L,80,40,0,,31,"Catàleg d’infraccions SCT, 20 de maig de 2026",assignació normativa revisada per pàgina i taula,estructural
sct-31-0-22,RGC,Reglament general de circulació,SENYALITZACIÓ,"Utilitzar un peatge dinàmic o telepeatge sense estar proveït, el vehicle, del mitjà tècnic que en possibilita el seu ús",145.2-E,L,80,40,0,,31,"Catàleg d’infraccions SCT, 20 de maig de 2026",assignació normativa revisada per pàgina i taula,estructural
sct-31-0-23,RGC,Reglament general de circulació,SENYALITZACIÓ,No respectar un senyal de limitació de temps d’estacionament,146.2-A,L,80,40,0,,31,"Catàleg d’infraccions SCT, 20 de maig de 2026",assignació normativa revisada per pàgina i taula,estructural
sct-31-0-24,RGC,Reglament general de circulació,SENYALITZACIÓ,No respectar un senyal d’estacionament reservat per a determinada classe de vehicles,146.2-A,G,200,100,0,,31,"Catàleg d’infraccions SCT, 20 de maig de 2026",assignació normativa revisada per pàgina i taula,estructural
sct-31-0-25,RGC,Reglament general de circulació,SENYALITZACIÓ,No respectar un senyal d’estacionament reservat per a TAXI,146.2-A,L,80,40,0,,31,"Catàleg d’infraccions SCT, 20 de maig de 2026",assignació normativa revisada per pàgina i taula,estructural
sct-31-0-26,RGC,Reglament general de circulació,SENYALITZACIÓ,No respectar un senyal de parada d’autobusos,146.2-A,L,80,40,0,,31,"Catàleg d’infraccions SCT, 20 de maig de 2026",assignació normativa revisada per pàgina i taula,estructural
sct-31-0-27,RGC,Reglament general de circulació,SENYALITZACIÓ,No respectar un senyal de parada de tramvies,146.2-A,L,80,40,0,,31,"Catàleg d’infraccions SCT, 20 de maig de 2026",assignació normativa revisada per pàgina i taula,estructural
sct-31-0-28,RGC,Reglament general de circulació,SENYALITZACIÓ,No respectar un senyal de transitabilitat en tram o port de muntanya,146.2-A,L,80,40,0,,31,"Catàleg d’infraccions SCT, 20 de maig de 2026",assignació normativa revisada per pàgina i taula,estructural
sct-31-0-29,RGC,Reglament general de circulació,SENYALITZACIÓ,No respectar un senyal de carrer residencial,146.2-A,L,80,40,0,,31,"Catàleg d’infraccions SCT, 20 de maig de 2026",assignació normativa revisada per pàgina i taula,estructural
sct-31-0-30,RGC,Reglament general de circulació,SENYALITZACIÓ,No obeir un senyal de zona a 30,146.2-A,L,80,40,0,,31,"Catàleg d’infraccions SCT, 20 de maig de 2026",assignació normativa revisada per pàgina i taula,estructural
sct-31-0-31,RGC,Reglament general de circulació,SENYALITZACIÓ,Circular per un carril reservat per a autobusos,146.2-B,G,200,100,0,,31,"Catàleg d’infraccions SCT, 20 de maig de 2026",assignació normativa revisada per pàgina i taula,estructural
sct-31-0-32,RGC,Reglament general de circulació,SENYALITZACIÓ,Circular per un carril reservat per a bicicletes o via ciclista,146.2-B,G,200,100,0,,31,"Catàleg d’infraccions SCT, 20 de maig de 2026",assignació normativa revisada per pàgina i taula,estructural
sct-31-0-34,RGC,Reglament general de circulació,SENYALITZACIÓ,No respectar una línia longitudinal contínua,147.2-A,G,200,100,0,,31,"Catàleg d’infraccions SCT, 20 de maig de 2026",assignació normativa revisada per pàgina i taula,estructural
sct-31-0-35,RGC,Reglament general de circulació,SENYALITZACIÓ,Circular sobre una línia longitudinal discontínua,147.2-A,G,200,100,0,,31,"Catàleg d’infraccions SCT, 20 de maig de 2026",assignació normativa revisada per pàgina i taula,estructural
sct-31-0-36,RGC,Reglament general de circulació,SENYALITZACIÓ,No respectar una marca viària transversal contínua,147.2-B,G,200,100,0,,31,"Catàleg d’infraccions SCT, 20 de maig de 2026",assignació normativa revisada per pàgina i taula,estructural
sct-31-0-37,RGC,Reglament general de circulació,SENYALITZACIÓ,No respectar una marca viària transversal discontínua,147.2-B,L,80,40,0,,31,"Catàleg d’infraccions SCT, 20 de maig de 2026",assignació normativa revisada per pàgina i taula,estructural
sct-31-0-38,RGC,Reglament general de circulació,SENYALITZACIÓ,No respectar la preferència de pas de ciclistes en un tram senyalitzat amb marca viària de pas per a ciclistes,147.2-B,G,200,100,4,,31,"Catàleg d’infraccions SCT, 20 de maig de 2026",assignació normativa revisada per pàgina i taula,estructural
sct-31-0-39,RGC,Reglament general de circulació,SENYALITZACIÓ,No obeir l’obligació imposada per una fletxa de selecció de carrils,147.2-C,G,200,100,0,,31,"Catàleg d’infraccions SCT, 20 de maig de 2026",assignació normativa revisada per pàgina i taula,estructural
sct-31-0-40,RGC,Reglament general de circulació,SENYALITZACIÓ,Entrar en una zona exclosa de circulació ( zebrejat) en una marca viària única contínua,147.2-D,L,80,40,0,,31,"Catàleg d’infraccions SCT, 20 de maig de 2026",assignació normativa revisada per pàgina i taula,estructural
sct-31-0-41,RGC,Reglament general de circulació,SENYALITZACIÓ,No respectar un senyal horitzontal de “ cediu el pas”,147.2-E,G,200,100,4,,31,"Catàleg d’infraccions SCT, 20 de maig de 2026",assignació normativa revisada per pàgina i taula,estructural
sct-31-0-42,RGC,Reglament general de circulació,SENYALITZACIÓ,No detenir-se davant un senyal horitzontal de detenció obligatòria ( STOP),147.2-E,G,200,100,4,,31,"Catàleg d’infraccions SCT, 20 de maig de 2026",assignació normativa revisada per pàgina i taula,estructural
sct-31-0-43,RGC,Reglament general de circulació,SENYALITZACIÓ,"No respectar una bicicleta/un vehicle de mobilitat personal ( VMP), un senyal horitzontal de cediu el pas",147.2-E,G,200,100,0,,31,"Catàleg d’infraccions SCT, 20 de maig de 2026",assignació normativa revisada per pàgina i taula,estructural
sct-32-0-0,RGC,Reglament general de circulació,SENYALITZACIÓ,"No detenir-se una bicicleta/un vehicle de mobilitat personal ( VMP), en el senyal horitzontal de detenció obligatòria",147.2-E,G,200,100,0,,32,"Catàleg d’infraccions SCT, 20 de maig de 2026",assignació normativa revisada per pàgina i taula,estructural
sct-32-0-1,RGC,Reglament general de circulació,SENYALITZACIÓ,Estacionar en una zona senyalitzada amb una marca groga en “ zigzag”,147.2-F,L,80,40,0,,32,"Catàleg d’infraccions SCT, 20 de maig de 2026",assignació normativa revisada per pàgina i taula,estructural
sct-32-0-2,RGC,Reglament general de circulació,SENYALITZACIÓ,Estacionar en una zona senyalitzada amb una marca groga longitudinal contínua,147.2-F,L,80,40,0,,32,"Catàleg d’infraccions SCT, 20 de maig de 2026",assignació normativa revisada per pàgina i taula,estructural
sct-32-0-3,RGC,Reglament general de circulació,SENYALITZACIÓ,Estacionar en una zona senyalitzada amb una marca groga longitudinal discontínua,147.2-F,L,80,40,0,,32,"Catàleg d’infraccions SCT, 20 de maig de 2026",assignació normativa revisada per pàgina i taula,estructural
sct-32-0-4,RGC,Reglament general de circulació,SENYALITZACIÓ,Circular per un carril o zona reservada per a determinats vehicles senyalitzada a aquest efecte,147.2-F,G,200,100,0,,32,"Catàleg d’infraccions SCT, 20 de maig de 2026",assignació normativa revisada per pàgina i taula,estructural
sct-32-0-5,RGC,Reglament general de circulació,SENYALITZACIÓ,Parar en una zona senyalitzada amb una marca longitudinal contínua,147.2-F,L,80,40,0,,32,"Catàleg d’infraccions SCT, 20 de maig de 2026",assignació normativa revisada per pàgina i taula,estructural
sct-32-0-6,RGC,Reglament general de circulació,SENYALITZACIÓ,Quedar-se detingut en una quadrícula de marques grogues de vehicles destinats al transport de mercaderies amb MMA >3.500 kg; al transport de viatgers de més de 9 places; de servei públic; al transport escolar o de menors; de servei d’urgència; al transport especial; amb permís o llicència de conducció d’antiguitat de conducció d’antiguitat de conducció d’antiguitat superior als 2 anys,147.2-F,L,80,40,0,,32,"Catàleg d’infraccions SCT, 20 de maig de 2026",assignació normativa revisada per pàgina i taula,estructural
sct-36-0-4,RGCond,Reglament general de conductors,DE LES AUTORITZACIONS ADMINISTRATIVES PER CONDUIR,"Conduir un vehicle de motor o un ciclomotor sense haver obtingut l'autorització preceptiva: - Vehicles agrícoles i cotxes de minusvàlids (llicència de conducció) - Ciclomotors, Motocicletes i turismes (permisos de les classes AM, A1, A2, A i B) - Camions, autobusos i remolcs (permisos de les classes C, D i E)",1.1,MG,500,250,0,,36,"Catàleg d’infraccions SCT, 20 de maig de 2026",assignació normativa revisada per pàgina i taula,estructural
sct-36-0-5,RGCond,Reglament general de conductors,DE LES AUTORITZACIONS ADMINISTRATIVES PER CONDUIR,"Conduir un- veh icle de motor o un ciclomotor amb un permís o llicència que no l’habilita per fer-ho -- Ciclomotor, motocicletes i turismes (permisos de les classes AM, A1, A2, A i B) - Camions, autobusos i remolcs (permisos de les classes C, D i E)",1.1,MG,500,250,0,,36,"Catàleg d’infraccions SCT, 20 de maig de 2026",assignació normativa revisada per pàgina i taula,estructural
sct-36-0-6,RGCond,Reglament general de conductors,DE LES AUTORITZACIONS ADMINISTRATIVES PER CONDUIR,Conduir el vehicle ressenyat amb una autorització administrativa que manca de validesa per no haver complert els requisits administratius exigits reglamentàriament.,1.1,G,200,100,0,,36,"Catàleg d’infraccions SCT, 20 de maig de 2026",assignació normativa revisada per pàgina i taula,estructural
sct-36-0-7,RGCond,Reglament general de conductors,DE LES AUTORITZACIONS ADMINISTRATIVES PER CONDUIR,Conduir el vehicle ressenyat incomplint les condicions restrictives de la llicència de conducció o del permís de conduir (indicar condició incomplerta),3.1,G,200,100,0,,36,"Catàleg d’infraccions SCT, 20 de maig de 2026",assignació normativa revisada per pàgina i taula,estructural
sct-36-0-8,RGCond,Reglament general de conductors,DE LES AUTORITZACIONS ADMINISTRATIVES PER CONDUIR,Conduir un vehicle de motor o ciclomotor sense portar la corresponent llicència de conducció o permís de conduir (indicar quina és l’autorització administrativa per conduir que no es porta),3.2,L,80,40,0,,36,"Catàleg d’infraccions SCT, 20 de maig de 2026",assignació normativa revisada per pàgina i taula,estructural
sct-36-0-9,RGCond,Reglament general de conductors,DE LES AUTORITZACIONS ADMINISTRATIVES PER CONDUIR,"No comunicar, el titular del permís de conduir o d’una llicència de conducció, qualsevol variació de les dades que hi figuren a l'autoritat competent en el termini establert (indicar quina és la variació). Les modificacions de dades s’han de comunicar, a la Prefectura Provincial de Trànsit corresponent, en el termini de quinze dies a comptar des de la data del canvi.",10,L,80,40,0,,36,"Catàleg d’infraccions SCT, 20 de maig de 2026",assignació normativa revisada per pàgina i taula,estructural
sct-36-0-10,RGCond,Reglament general de conductors,DE LES AUTORITZACIONS ADMINISTRATIVES PER CONDUIR,"Tenir l’original de l’autorització administrativa per conduir, sense haver tornat la mateixa, quan se li ha expedit un duplicat per sostracció o pèrdua. (indicar quina és l’autorització administrativa per conduir que es porta).",11.3,L,80,40,0,,36,"Catàleg d’infraccions SCT, 20 de maig de 2026",assignació normativa revisada per pàgina i taula,estructural
sct-36-0-11,RGCond,Reglament general de conductors,DE LES AUTORITZACIONS ADMINISTRATIVES PER CONDUIR,Conduir un vehicle amb l'autorització administrativa caducada,12.4,G,200,100,0,,36,"Catàleg d’infraccions SCT, 20 de maig de 2026",assignació normativa revisada per pàgina i taula,estructural
sct-36-0-12,RGCond,Reglament general de conductors,DE LES AUTORITZACIONS ADMINISTRATIVES PER CONDUIR,"Conduir , el vehicle ressenyat, sent titular d’un permís o llicència de conducció, sense mantenir els requisits exigits en el seu dia per al seu atorgament.",12.6,G,200,100,0,,36,"Catàleg d’infraccions SCT, 20 de maig de 2026",assignació normativa revisada per pàgina i taula,estructural
sct-36-0-14,RGCond,Reglament general de conductors,DE LES AUTORITZACIONS ADMINISTRATIVES PER CONDUIR,Conduir un vehicle a motor o ciclomotor sense haver obtingut mai permís o llicència,1.1,MG,500,250,0,,36,"Catàleg d’infraccions SCT, 20 de maig de 2026",assignació normativa revisada per pàgina i taula,estructural
sct-36-0-15,RGCond,Reglament general de conductors,DE LES AUTORITZACIONS ADMINISTRATIVES PER CONDUIR,Conduir el vehicle ressenyat amb la llicència o el permís no vigent per pèrdua total de punts,3.2,MG,500,250,0,,36,"Catàleg d’infraccions SCT, 20 de maig de 2026",assignació normativa revisada per pàgina i taula,estructural
sct-36-0-17,RGCond,Reglament general de conductors,PERMISOS DE CONDUIR COMUNITARIS,Conduir el vehicle ressenyat amb una autorització que no té validesa a Espanya per no haver sol·licitat la seva renovació a la prefectura provincial de trànsit. Els titulars de permisos de conduir comunitaris residents a Espanya quan els hi caduca el seu permís l’han de renovar a la Prefectura Provincial de Trànsit corresponent,15.4,G,200,100,0,,36,"Catàleg d’infraccions SCT, 20 de maig de 2026",assignació normativa revisada per pàgina i taula,estructural
sct-36-0-19,RGCond,Reglament general de conductors,ALTRES AUTORITZACIONS ADMINISTRATIVES PER CONDUIR,"Conduir un vehicle que realitza transport de mercaderies perilloses sense l'autorització especial, quan sigui necessari",25.1,MG,500,250,0,,36,"Catàleg d’infraccions SCT, 20 de maig de 2026",assignació normativa revisada per pàgina i taula,estructural
sct-37-0-0,RGCond,Reglament general de conductors,ALTRES AUTORITZACIONS ADMINISTRATIVES PER CONDUIR,Conduir un vehicle que realitza transport de mercaderies perilloses sense portar la corresponent autorització especial,25.2,L,80,40,0,,37,"Catàleg d’infraccions SCT, 20 de maig de 2026",assignació normativa revisada per pàgina i taula,estructural
sct-37-0-1,RGCond,Reglament general de conductors,ALTRES AUTORITZACIONS ADMINISTRATIVES PER CONDUIR,Conduir un vehicle que realitza transport de mercaderies perilloses amb l’autorització especial que l’habilita a l’efecte caducada,28.1,G,200,100,0,,37,"Catàleg d’infraccions SCT, 20 de maig de 2026",assignació normativa revisada per pàgina i taula,estructural
sct-37-0-3,RGCond,Reglament general de conductors,NUL-LITAT O LESIVITAT I PÈRDUA DE VIGÈNCIA DE LES AUTORITZACIONS ADMINISTRATIVES PER CONDUIR,Conduir el vehicle ressenyat tenint el permís de conduir suspès com a mesura cautelar,39.3,G,200,100,4,,37,"Catàleg d’infraccions SCT, 20 de maig de 2026",assignació normativa revisada per pàgina i taula,estructural
sct-37-0-4,RGCond,Reglament general de conductors,NUL-LITAT O LESIVITAT I PÈRDUA DE VIGÈNCIA DE LES AUTORITZACIONS ADMINISTRATIVES PER CONDUIR,Conduir el vehicle ressenyat tenint la llicència de conduir suspesa com a mesura cautelar,39.3,G,200,100,4,,37,"Catàleg d’infraccions SCT, 20 de maig de 2026",assignació normativa revisada per pàgina i taula,estructural
sct-37-1-4,RGV,Reglament general de vehicles,AUTORITZACIONS DE CIRCULACIÓ DELS VEHICLES,Circular sense haver obtingut la corresponent autorització administrativa del vehicle ressenyat (indicar de quina autorització es tracta),1.1,MG,500,250,0,,37,"Catàleg d’infraccions SCT, 20 de maig de 2026",assignació normativa revisada per pàgina i taula,estructural
sct-37-1-5,RGV,Reglament general de vehicles,AUTORITZACIONS DE CIRCULACIÓ DELS VEHICLES,Circular amb un vehicle amb el permís de circulació suspès,1.2,G,200,100,0,,37,"Catàleg d’infraccions SCT, 20 de maig de 2026",assignació normativa revisada per pàgina i taula,estructural
sct-37-1-8,RGV,Reglament general de vehicles,CONDICIONS TÈCNIQUES,Efectuar en el vehicle ressenyat una reforma d'importància sense autorització o sense haver passat la inspecció tècnica corresponent (cal especificar la reforma),7.2,G,200,100,0,,37,"Catàleg d’infraccions SCT, 20 de maig de 2026",assignació normativa revisada per pàgina i taula,estructural
sct-37-1-9,RGV,Reglament general de vehicles,CONDICIONS TÈCNIQUES,"Circular amb un vehicle tractor que forma conjunt amb un remolc o un semiremolc, sense respectar la compatibilitat per a formar conjunt",9.1,G,200,100,0,,37,"Catàleg d’infraccions SCT, 20 de maig de 2026",assignació normativa revisada per pàgina i taula,estructural
sct-37-1-10,RGV,Reglament general de vehicles,CONDICIONS TÈCNIQUES,Circular amb un vehicle a motor arrossegant una caravana o remolc lleuger que no té targeta d’inspecció tècnica,9.3,MG,500,250,0,,37,"Catàleg d’infraccions SCT, 20 de maig de 2026",assignació normativa revisada per pàgina i taula,estructural
sct-37-1-11,RGV,Reglament general de vehicles,CONDICIONS TÈCNIQUES,"No haver presentat a la inspecció tècnica periòdica, en el termini establert, el vehicle ressenyat, la conducció del qual s'autoritza mitjançant llicència o permís de conducció",10.1,G,200,100,0,,37,"Catàleg d’infraccions SCT, 20 de maig de 2026",assignació normativa revisada per pàgina i taula,estructural
sct-37-1-12,RGV,Reglament general de vehicles,CONDICIONS TÈCNIQUES,Circular amb el vehicle ressenyat sense tenir l’autorització administrativa per circular a causa d’una inspecció tècnica desfavorable,10.1,G,200,100,0,,37,"Catàleg d’infraccions SCT, 20 de maig de 2026",assignació normativa revisada per pàgina i taula,estructural
sct-37-1-13,RGV,Reglament general de vehicles,CONDICIONS TÈCNIQUES,"Circular amb el vehicle ressenyat la inspecció tècnica del qual ha resultat negativa, per incomplir aquest vehicle les condicions tècniques que afecten greument a la seguretat viària",10.1,MG,500,250,0,,37,"Catàleg d’infraccions SCT, 20 de maig de 2026",assignació normativa revisada per pàgina i taula,estructural
sct-37-1-15,RGV,Reglament general de vehicles,CONDICIONS TÈCNIQUES,"Circular amb un vehicle que no té el nombre reglamentari de miralls retrovisors eficaços Els ciclomotors, quadricicles lleugers (equipats o no amb carrosseria), motocicletes (amb o sense sidecar) amb velocitat màxima menor o igual a 100 km/h, vehicles de tres rodes i quadricicles (si van equipats amb carrosseria), vehicles especials (inclosos els agrícoles), així com els vehicles de les categories M1 (destinats al transport de persones que tinguin, a més del seient del conductor, vuit places com a màxim) i N1 (destinats al transport de mercaderies amb MMA no superior a 3.500 kg) únicament estan obligats a portar un mirall retrovisor exterior a l’esquerra. La resta de vehicles han de portar dos miralls retrovisors, a la dreta i a l’esquerra.",11.2,G,200,100,0,,37,"Catàleg d’infraccions SCT, 20 de maig de 2026",assignació normativa revisada per pàgina i taula,estructural
sct-37-1-17,RGV,Reglament general de vehicles,CONDICIONS TÈCNIQUES,"No portar instal·lat, el vehicle ressenyat, l’aparell tacògraf o el limitador de velocitat, estant-hi obligat",11.12,MG,500,250,0,,37,"Catàleg d’infraccions SCT, 20 de maig de 2026",assignació normativa revisada per pàgina i taula,estructural
sct-37-1-18,RGV,Reglament general de vehicles,CONDICIONS TÈCNIQUES,"Participar o col·laborar en la col·locació o posta en funcionament d’elements que alteren el tacògraf o limitador de velocitat Quan l’alteració del funcionament del tacògraf o limitador de velocitat sigui degut a la necessària participació del conductor, es denunciarà per l’art. 77.M) del TRLSV.",11.12,MG,500,250,0,,37,"Catàleg d’infraccions SCT, 20 de maig de 2026",assignació normativa revisada per pàgina i taula,estructural
sct-38-0-1,RGV,Reglament general de vehicles,CONDICIONS TÈCNIQUES,No tenir el dispositiu que eviti l'encastament en el cas de col·lisió posterior,11.16,G,200,100,0,,38,"Catàleg d’infraccions SCT, 20 de maig de 2026",assignació normativa revisada per pàgina i taula,estructural
sct-38-0-3,RGV,Reglament general de vehicles,CONDICIONS TÈCNIQUES,"Circular amb el vehicle ressenyat incomplint les condicions reglamentàries. (Cal especificar quin és l'incompliment). Si les condicions tècniques afecten greument a la seguretat viària, es denunciarà per l’art.77.LL) del TRLSV.",12,G,200,100,0,,38,"Catàleg d’infraccions SCT, 20 de maig de 2026",assignació normativa revisada per pàgina i taula,estructural
sct-38-0-4,RGV,Reglament general de vehicles,CONDICIONS TÈCNIQUES,"Portar els vehicles de motor, remolcs, semiremolcs i màquines remolcades, arestes sortints, en l’interior o exterior del vehicle, que constitueixin un perill per als seus ocupants o pels altres usuaris de la via (indicar com es porten i perill que suposen)",12.1,G,200,100,0,,38,"Catàleg d’infraccions SCT, 20 de maig de 2026",assignació normativa revisada per pàgina i taula,estructural
sct-38-0-6,RGV,Reglament general de vehicles,CONDICIONS TÈCNIQUES,Circular amb un vehicle els pneumàtics del qual no conserven el dibuix en la totalitat de la banda de rodament o s’aprecien deformacions o talls (per cada pneumàtic),12.5.1,G,200,100,0,,38,"Catàleg d’infraccions SCT, 20 de maig de 2026",assignació normativa revisada per pàgina i taula,estructural
sct-38-0-7,RGV,Reglament general de vehicles,CONDICIONS TÈCNIQUES,"Circular amb el vehicle ressenyat, sotmès a normes especials, incomplint les exigències reglamentàriament establertes referides a les seves condicions tècniques (es tracta de vehicles de transport de viatgers, escolar i de menors, de mercaderies perilloses, peribles i d’altres sotmesos a normes especials)",12.9,G,200,100,0,,38,"Catàleg d’infraccions SCT, 20 de maig de 2026",assignació normativa revisada per pàgina i taula,estructural
sct-38-0-9,RGV,Reglament general de vehicles,CONDICIONS TÈCNIQUES,Circular amb el vehicle ressenyat sense ajustar-se els dispositius d’enllumenat i senyalització òptica a les prescripcions reglamentàries (detallar incompliment),15,G,200,100,0,,38,"Catàleg d’infraccions SCT, 20 de maig de 2026",assignació normativa revisada per pàgina i taula,estructural
sct-38-0-10,RGV,Reglament general de vehicles,CONDICIONS TÈCNIQUES,Circular amb el vehicle ressenyat sense els dispositius d’enllumenat i senyalització òptica reglamentaris (detallar incompliment),16,G,200,100,0,,38,"Catàleg d’infraccions SCT, 20 de maig de 2026",assignació normativa revisada per pàgina i taula,estructural
sct-38-0-11,RGV,Reglament general de vehicles,CONDICIONS TÈCNIQUES,"No portar, el vehicle ressenyat, el senyal corresponent",18.1,L,80,40,0,,38,"Catàleg d’infraccions SCT, 20 de maig de 2026",assignació normativa revisada per pàgina i taula,estructural
sct-38-0-13,RGV,Reglament general de vehicles,CONDICIONS TÈCNIQUES,"No tenir, el vehicle ressenyat, els recanvis o accessoris reglamentaris (cal indicar-los): - els turismes, vehicles mixtes i automòbils destinats a transport mercaderies no superior a 3.500 kg han de portar: - el dispositiu lluminós de pressenyalització de perill V-16 - una roda completa de recanvi o una roda d’ús temporal, amb les eines necessàries per al canvi de rodes, o un sistema alternatiu per canviar-les que ofereixi suficients garanties per a la mobilitat del vehicle. - una armilla reflectant UNE-EN 471. Els vehicles pilots de protecció i d’acompanyament han de portar tantes armilles com a membres dels personal auxiliar portin, inclòs el conductor - els autobusos, vehicles mixtes i automòbils destinats a transport mercaderies de més de 3500 kg i conjunts de vehicles no especials han de portar: - una armilla reflectant UNE-EN 471 - un equip homologat d'extinció d'incendis - el dispositiu lluminós de pressenyalització de perill V-16",19,L,80,40,0,,38,"Catàleg d’infraccions SCT, 20 de maig de 2026",assignació normativa revisada per pàgina i taula,estructural
sct-38-0-15,RGV,Reglament general de vehicles,CONDICIONS TÈCNIQUES,Circular amb el ciclomotor ressenyat sense els dispositius d’enllumenat i senyalització òptica reglamentaris (especificar incompliment),21.2,G,200,100,0,,38,"Catàleg d’infraccions SCT, 20 de maig de 2026",assignació normativa revisada per pàgina i taula,estructural
sct-38-0-16,RGV,Reglament general de vehicles,CONDICIONS TÈCNIQUES,Circular amb una bicicleta que no reuneix les condicions tècniques reglamentàries (especificar incompliment),22.1,G,200,100,0,,38,"Catàleg d’infraccions SCT, 20 de maig de 2026",assignació normativa revisada per pàgina i taula,estructural
sct-38-0-17,RGV,Reglament general de vehicles,CONDICIONS TÈCNIQUES,"Circular amb una bicicleta, de nit, per trams de via amb el senyal de “túnel” o amb condicions meteorològiques que disminueixen la visibilitat, sense els dispositius d’enllumenat i senyalització òptica reglamentaris. (especificar incompliment): - un llum de posició davanter de color blanc - un llum de posició posterior de color vermell un catadiòptric posterior no triangular de color vermell",22.4,L,80,40,0,,38,"Catàleg d’infraccions SCT, 20 de maig de 2026",assignació normativa revisada per pàgina i taula,estructural
sct-38-0-19,RGV,Reglament general de vehicles,CONDICIONS TÈCNIQUES,Circular amb un vehicle de mobilitat personal ( VMP) que no disposa del certificat de circulació *Atenció: només per VMP comercialitzats a partir del 22/01/2024,22 -,G,200,100,0,,38,"Catàleg d’infraccions SCT, 20 de maig de 2026",assignació normativa revisada per pàgina i taula,estructural
sct-38-0-20,RGV,Reglament general de vehicles,CONDICIONS TÈCNIQUES,No disposar i exhibir en un vehicle de mobilitat personal l’etiqueta identificativa o la placa de marcatge del fabricant,22.b.2,L,80,40,0,,38,"Catàleg d’infraccions SCT, 20 de maig de 2026",assignació normativa revisada per pàgina i taula,estructural
sct-38-0-21,RGV,Reglament general de vehicles,CONDICIONS TÈCNIQUES,No inscriure un vehicle de mobilitat personal al Registre Nacional de Vehicles,22.b.2,L,100,50,0,,38,"Catàleg d’infraccions SCT, 20 de maig de 2026",assignació normativa revisada per pàgina i taula,estructural
sct-39-0-0,RGV,Reglament general de vehicles,CONDICIONS TÈCNIQUES,No complir el vehicle de mobilitat personal els requisits tècnics regulats a l’Annex XXI i que afecten greument la seguretat viària (cal indicar quin és l’incompliment; ex: modificació estructural),22.b.2,MG,500,250,0,,39,"Catàleg d’infraccions SCT, 20 de maig de 2026",assignació normativa revisada per pàgina i taula,estructural
sct-39-0-1,RGV,Reglament general de vehicles,CONDICIONS TÈCNIQUES,No complir el vehicle de mobilitat personal els requisits tècnics regulats a l’Annex XXI viària (cal indicar quin és l’incompliment; ex: no funciona el sistema d'il·luminació),22.b.2,G,200,100,0,,39,"Catàleg d’infraccions SCT, 20 de maig de 2026",assignació normativa revisada per pàgina i taula,estructural
sct-39-0-2,RGV,Reglament general de vehicles,CONDICIONS TÈCNIQUES,No complir el vehicle de mobilitat personal els requisits tècnics regulats a l’Annex XXI (cal indicar quin és l’incompliment; ex: cavallet),22.b.2,L,80,40,0,,39,"Catàleg d’infraccions SCT, 20 de maig de 2026",assignació normativa revisada per pàgina i taula,estructural
sct-39-0-4,RGV,Reglament general de vehicles,CONDICIONS TÈCNIQUES,"Circular amb un vehicle de tracció animal, de nit, per trams de via amb el senyal de “túnel” o amb condicions meteorològiques que disminueixen sensiblement la visibilitat, sense els dispositius d’enllumenat i senyalització òptica reglamentaris (especificar incompliment): - un o dos (si la longitud excedeix de 6 m o si la forma, dimensions o càrrega del vehicle impedeixen la visibilitat de llum única) llums de posició davanters de color blanc - un o dos llums de posició posteriors de color vermell - dos catadiòptrics posteriors no triangulars de color vermell",23.5,G,200,100,0,,39,"Catàleg d’infraccions SCT, 20 de maig de 2026",assignació normativa revisada per pàgina i taula,estructural
sct-39-0-6,RGV,Reglament general de vehicles,CONDICIONS TÈCNIQUES,"Circular amb el vehicle ressenyat sense les plaques de matrícula corresponents (només per als vehicles matriculats; en cas contrari es denunciarà per no haver obtingut l'autorització corresponent). Els ciclomotors, motocicletes, vehicles especials agrícoles i d'obres i serveis autopropulsats, remolcs, semiremolcs, maquinària agrícola remolcada i d'obres i serveis, únicament estan obligats a portar una sola placa de matrícula a la part posterior.",25.1,G,200,100,0,,39,"Catàleg d’infraccions SCT, 20 de maig de 2026",assignació normativa revisada per pàgina i taula,estructural
sct-39-0-7,RGV,Reglament general de vehicles,CONDICIONS TÈCNIQUES,Circular amb el vehicle ressenyat sense portar la corresponent autorització administrativa (indicar de quina autorització es tracta),26.1,L,80,40,0,,39,"Catàleg d’infraccions SCT, 20 de maig de 2026",assignació normativa revisada per pàgina i taula,estructural
sct-39-0-8,RGV,Reglament general de vehicles,CONDICIONS TÈCNIQUES,Circular un tren turístic sense haver obtingut la corresponent autorització especial,28.6,MG,500,250,0,,39,"Catàleg d’infraccions SCT, 20 de maig de 2026",assignació normativa revisada per pàgina i taula,estructural
sct-39-0-9,RGV,Reglament general de vehicles,CONDICIONS TÈCNIQUES,"No comunicar, el titular d’una llicència o permís de conduir, qualsevol variació de les dades que hi figuren a l’autoritat competent en el termini establert.",30.2,L,80,40,0,,39,"Catàleg d’infraccions SCT, 20 de maig de 2026",assignació normativa revisada per pàgina i taula,estructural
sct-39-0-10,RGV,Reglament general de vehicles,CONDICIONS TÈCNIQUES,"No haver efectuat, el titular del vehicle ressenyat, la notificació de transferència en el termini reglamentari",32.1,L,80,40,0,,39,"Catàleg d’infraccions SCT, 20 de maig de 2026",assignació normativa revisada per pàgina i taula,estructural
sct-39-0-11,RGV,Reglament general de vehicles,CONDICIONS TÈCNIQUES,"No haver efectuat, l’adquirent del vehicle ressenyat, la sol·licitud de renovació del permís de circulació",32.3,G,200,100,0,,39,"Catàleg d’infraccions SCT, 20 de maig de 2026",assignació normativa revisada per pàgina i taula,estructural
sct-39-0-12,RGV,Reglament general de vehicles,CONDICIONS TÈCNIQUES,"No haver notificat la defunció del titular del vehicle ressenyat o no haver sol·licitat l’adjudicatari l’expedició del seu permís de circulació, dintre del termini legalment establert.",32.6,G,200,100,0,,39,"Catàleg d’infraccions SCT, 20 de maig de 2026",assignació normativa revisada per pàgina i taula,estructural
sct-39-0-13,RGV,Reglament general de vehicles,CONDICIONS TÈCNIQUES,"No haver efectuat, el compravenda, el canvi de titularitat al seu nom havent transcorregut més d’un any des que s’ha produït la baixa temporal del vehicle sense haver-se transmès a un tercer",33.6,G,200,100,0,,39,"Catàleg d’infraccions SCT, 20 de maig de 2026",assignació normativa revisada per pàgina i taula,estructural
sct-39-0-15,RGV,Reglament general de vehicles,BAIXA DE VEHICLES,Circular amb el vehicle ressenyat quan ha estat donat de baixa,34,MG,500,250,0,,39,"Catàleg d’infraccions SCT, 20 de maig de 2026",assignació normativa revisada per pàgina i taula,estructural
sct-39-0-17,RGV,Reglament general de vehicles,AUTORITZACIONS TEMPORALS DE CIRCULACIÓ,Circular amb un permís de circulació per a matrícula turística caducat,40,G,200,100,0,,39,"Catàleg d’infraccions SCT, 20 de maig de 2026",assignació normativa revisada per pàgina i taula,estructural
sct-39-0-18,RGV,Reglament general de vehicles,AUTORITZACIONS TEMPORALS DE CIRCULACIÓ,Circular amb el vehicle ressenyat sense haver obtingut el permís temporal corresponent,42.1,MG,500,250,0,,39,"Catàleg d’infraccions SCT, 20 de maig de 2026",assignació normativa revisada per pàgina i taula,estructural
sct-39-0-19,RGV,Reglament general de vehicles,AUTORITZACIONS TEMPORALS DE CIRCULACIÓ,Circular amb un permís temporal per a particulars caducat,43.1,G,200,100,0,,39,"Catàleg d’infraccions SCT, 20 de maig de 2026",assignació normativa revisada per pàgina i taula,estructural
sct-39-0-20,RGV,Reglament general de vehicles,AUTORITZACIONS TEMPORALS DE CIRCULACIÓ,"Circular amb un permís temporal per a ús d’empreses, per un vehicle no matriculat a Espanya, caducat - lloc de sortida i de destinació en cas de transport - termini de validesa del permís temporal d’empresa - matrícula ordinària en el cas d’un vehicle matriculat",44.2,MG,500,250,0,,39,"Catàleg d’infraccions SCT, 20 de maig de 2026",assignació normativa revisada per pàgina i taula,estructural
sct-40-0-1,RGV,Reglament general de vehicles,AUTORITZACIONS TEMPORALS DE CIRCULACIÓ,"Circular amb un permís temporal per a ús d’empreses sense el conductor o l’acompanyant reglamentaris, o bé superant el límit de persones reglamentàries Un vehicle de motor no matriculat que circuli amb permís i plaques temporals d’empresa ha de ser conduït pel titular del permís o persona al seu servei, que ho ha d’acreditar. Només podran ser ocupats pel comprador que el pretengui adquirir o per tècnics o mecànics del constructor o venedor, sempre que s’acrediti documentalment o es faci constar en el corresponent butlletí i no superin el nombre de tres. El vehicle podrà ser conduït pel possible comprador o pel seu representant, sempre que vagi acompanyat pel titular del permís o un conductor al seu servei.",46.2,G,200,100,0,,40,"Catàleg d’infraccions SCT, 20 de maig de 2026",assignació normativa revisada per pàgina i taula,estructural
sct-40-0-2,RGV,Reglament general de vehicles,AUTORITZACIONS TEMPORALS DE CIRCULACIÓ,"Circular el vehicle ressenyat a l’empara de plaques temporals d’empresa, per a finalitats diferents de les establertes reglamentàriament",46.3,G,200,100,0,,40,"Catàleg d’infraccions SCT, 20 de maig de 2026",assignació normativa revisada per pàgina i taula,estructural
sct-40-0-3,RGV,Reglament general de vehicles,AUTORITZACIONS TEMPORALS DE CIRCULACIÓ,"Circular, el vehicle ressenyat, a l'empara de plaques temporals d'empresa, portant càrrega útil o quan ja ha estat adquirit per al seu ús",46.3,G,200,100,0,,40,"Catàleg d’infraccions SCT, 20 de maig de 2026",assignació normativa revisada per pàgina i taula,estructural
sct-40-0-4,RGV,Reglament general de vehicles,AUTORITZACIONS TEMPORALS DE CIRCULACIÓ,"Circular amb un permís temporal per a ús d’empreses, per un vehicle matriculat a Espanya, caducat",48.2,G,200,100,0,,40,"Catàleg d’infraccions SCT, 20 de maig de 2026",assignació normativa revisada per pàgina i taula,estructural
sct-40-0-5,RGV,Reglament general de vehicles,AUTORITZACIONS TEMPORALS DE CIRCULACIÓ,"Circular amb un permís temporal per a ús d’empreses, per un vehicle matriculat a Espanya, sense haver complimentat el corresponent butlletí de circulació. El butlletí ha de contenir les mateixes dades que les indicades en l’article 45.1",48.4,G,200,100,0,,40,"Catàleg d’infraccions SCT, 20 de maig de 2026",assignació normativa revisada per pàgina i taula,estructural
sct-40-0-7,RGV,Reglament general de vehicles,PLAQUES DE MATRÍCULA,"No ajustar-se les plaques de matrícula del vehicle ressenyat, a les prescripcions reglamentàries. En el cas de que les plaques no siguin perfectament llegibles o visibles per presentar obstacles que impedeixin o dificultin la seva identificació s’haurà de denunciar per l’article 76.P) del TRLSV.",49.1,G,200,100,0,,40,"Catàleg d’infraccions SCT, 20 de maig de 2026",assignació normativa revisada per pàgina i taula,estructural
sct-40-1-4,SOA,Text refós de la Llei sobre responsabilitat civil i assegurança en la circulació de vehicles de motor,ASSEGURANÇA OBLIGATÒRIA DE RESPONSABILITAT CIVIL,"No tenir concertada l’assegurança obligatòria de responsabilitat civil, el vehicle ressenyat, la conducció del qual s’autoritza mitjançant llicència de conducció.",2.1,—,650,325,0,,40,"Catàleg d’infraccions SCT, 20 de maig de 2026",assignació normativa revisada per pàgina i taula,estructural
sct-40-1-5,SOA,Text refós de la Llei sobre responsabilitat civil i assegurança en la circulació de vehicles de motor,ASSEGURANÇA OBLIGATÒRIA DE RESPONSABILITAT CIVIL,"No tenir concertada l’assegurança obligatòria de responsabilitat civil, el vehicle ressenyat, la conducció del qual s’autoritza mitjançant permís de conducció de la classe AM.",2.1,—,1000,500,0,,40,"Catàleg d’infraccions SCT, 20 de maig de 2026",assignació normativa revisada per pàgina i taula,estructural
sct-40-1-6,SOA,Text refós de la Llei sobre responsabilitat civil i assegurança en la circulació de vehicles de motor,ASSEGURANÇA OBLIGATÒRIA DE RESPONSABILITAT CIVIL,"No tenir concertada l’assegurança obligatòria de responsabilitat civil, el vehicle ressenyat, la conducció del qual s’autoritza mitjançant permís de conducció de la classe A2, A1 o A.",2.1,—,1250,625,0,,40,"Catàleg d’infraccions SCT, 20 de maig de 2026",assignació normativa revisada per pàgina i taula,estructural
sct-40-1-7,SOA,Text refós de la Llei sobre responsabilitat civil i assegurança en la circulació de vehicles de motor,ASSEGURANÇA OBLIGATÒRIA DE RESPONSABILITAT CIVIL,"No tenir concertada l’assegurança obligatòria de responsabilitat civil, el vehicle ressenyat, la conducció del qual s’autoritza mitjançant permís de conducció de la classe B i B+E",2.1,—,1500,750,0,,40,"Catàleg d’infraccions SCT, 20 de maig de 2026",assignació normativa revisada per pàgina i taula,estructural
sct-41-0-0,SOA,Text refós de la Llei sobre responsabilitat civil i assegurança en la circulació de vehicles de motor,ASSEGURANÇA OBLIGATÒRIA DE RESPONSABILITAT CIVIL,"No tenir concertada l’assegurança obligatòria de responsabilitat civil, el vehicle ressenyat, la conducció del qual s’autoritza mitjançant permís de conducció de la classe C1, C1+E, C i C+E.",2.1,—,2800,1400,0,,41,"Catàleg d’infraccions SCT, 20 de maig de 2026",assignació normativa revisada per pàgina i taula,estructural
sct-41-0-1,SOA,Text refós de la Llei sobre responsabilitat civil i assegurança en la circulació de vehicles de motor,ASSEGURANÇA OBLIGATÒRIA DE RESPONSABILITAT CIVIL,"No tenir concertada l’assegurança obligatòria de responsabilitat civil, el vehicle ressenyat, la conducció del qual s’autoritza mitjançant permís de conducció de la classe D1, D1+E, D i D+E",2.1,—,2800,1400,0,,41,"Catàleg d’infraccions SCT, 20 de maig de 2026",assignació normativa revisada per pàgina i taula,estructural
sct-41-0-2,SOA,Text refós de la Llei sobre responsabilitat civil i assegurança en la circulació de vehicles de motor,ASSEGURANÇA OBLIGATÒRIA DE RESPONSABILITAT CIVIL,Circular el vehicle personal lleuger sense que consti que el propietari tingui subscrit i mantingui en vigor un contracte d’assegurança que cobreixi la responsabilitat civil derivada de la seva circulació,2.1,—,300,150,0,,41,"Catàleg d’infraccions SCT, 20 de maig de 2026",assignació normativa revisada per pàgina i taula,estructural
sct-41-0-3,SOA,Text refós de la Llei sobre responsabilitat civil i assegurança en la circulació de vehicles de motor,ASSEGURANÇA OBLIGATÒRIA DE RESPONSABILITAT CIVIL,Circular el vehicle ressenyat sense que consti que el propietari tingui subscrit i mantingui en vigor un contracte d’assegurança que cobreixi la responsabilitat civil derivada de la seva circulació,2.1,—,800,400,0,,41,"Catàleg d’infraccions SCT, 20 de maig de 2026",assignació normativa revisada per pàgina i taula,estructural
sct-41-1-4,REPC,Reglament regulador de les escoles particulars de conductors,ELEMENTS PERSONALS,"Abandonar, el professor d'una escola de conductors, el doble comandament del vehicle en l'ensenyament pràctic",9.b),MG,3.000,NO,0,,41,"Catàleg d’infraccions SCT, 20 de maig de 2026",assignació normativa revisada per pàgina i taula,estructural
sct-41-1-5,REPC,Reglament regulador de les escoles particulars de conductors,ELEMENTS PERSONALS,"Seguir de manera simultània, el professor d'una escola de conductors, les evolucions de varis vehicles en l'ensenyament pràctic",9.b),MG,3.000,NO,0,,41,"Catàleg d’infraccions SCT, 20 de maig de 2026",assignació normativa revisada per pàgina i taula,estructural
sct-41-1-6,REPC,Reglament regulador de les escoles particulars de conductors,ELEMENTS PERSONALS,"No portar l’autorització d’exercici, el professor d’una escola de conductors, quan imparteix l’ensenyament",9.e),G,200,100,0,,41,"Catàleg d’infraccions SCT, 20 de maig de 2026",assignació normativa revisada per pàgina i taula,estructural
sct-41-1-8,REPC,Reglament regulador de les escoles particulars de conductors,ELEMENTS MATERIALS,No reunir el vehicle dedicat a l'ensenyament de la conducció les condicions tècniques generals exigides reglamentàriament,16.c),G,200,100,0,,41,"Catàleg d’infraccions SCT, 20 de maig de 2026",assignació normativa revisada per pàgina i taula,estructural
sct-41-1-9,REPC,Reglament regulador de les escoles particulars de conductors,ELEMENTS MATERIALS,"No tenir, un vehicle d'una escola de conductors destinat a les pràctiques corresponents a la prova de control d'aptituds i comportaments en vies obertes al trànsit general, d'un doble comandament eficaç (cal indicar quin és el doble comandament)",16.d),MG,3.000,NO,0,,41,"Catàleg d’infraccions SCT, 20 de maig de 2026",assignació normativa revisada per pàgina i taula,estructural
sct-41-1-12,REPC,Reglament regulador de les escoles particulars de conductors,DOCUMENTACIÓ I DISTINTIUS OBLIGATORIS,"No portar la fitxa de classes pràctiques, el professor d’una escola de conductors, durant les classes pràctiques",40,G,200,100,0,,41,"Catàleg d’infraccions SCT, 20 de maig de 2026",assignació normativa revisada per pàgina i taula,estructural
